date,states,positive,negative,pending,hospitalizedCurrently,hospitalizedCumulative,inIcuCurrently,inIcuCumulative,onVentilatorCurrently,onVentilatorCumulative,recovered,dateChecked,death,hospitalized,lastModified,total,totalTestResults,posNeg,deathIncrease,hospitalizedIncrease,negativeIncrease,positiveIncrease,totalTestResultsIncrease,hash,positiveIncrease7d,deathIncrease7d,inIcuCurrently7d,onVentilatorCurrently7d,dPositiveIncrease7d,dDeathIncrease7d,dInIcuCurrently7d,dOnVentilatorCurrently7d
2020-01-22,1,0,0,NA,NA,NA,NA,NA,NA,NA,NA,2020-01-22T00:00:00Z,NA,NA,2020-01-22T00:00:00Z,0,0,0,0,0,0,0,0,e06a6f509d4132b053cd952945dcdf36e3ed2858,NA,NA,NA,NA,NA,NA,NA,NA
2020-01-23,1,0,0,NA,NA,NA,NA,NA,NA,NA,NA,2020-01-23T00:00:00Z,NA,NA,2020-01-23T00:00:00Z,0,0,0,0,0,0,0,0,5cd6491e25943f7a0953535af11f6d983cde097b,NA,NA,NA,NA,NA,NA,NA,NA
2020-01-24,1,0,0,NA,NA,NA,NA,NA,NA,NA,NA,2020-01-24T00:00:00Z,NA,NA,2020-01-24T00:00:00Z,0,0,0,0,0,0,0,0,8eb8cd45fe1ed98db566c18be20ef7da83f6b440,NA,NA,NA,NA,NA,NA,NA,NA
2020-01-25,1,0,0,NA,NA,NA,NA,NA,NA,NA,NA,2020-01-25T00:00:00Z,NA,NA,2020-01-25T00:00:00Z,0,0,0,0,0,0,0,0,4d7e44a79216a55bf412d48148e7e5484eced52e,NA,NA,NA,NA,NA,NA,NA,NA
2020-01-26,1,0,0,NA,NA,NA,NA,NA,NA,NA,NA,2020-01-26T00:00:00Z,NA,NA,2020-01-26T00:00:00Z,0,0,0,0,0,0,0,0,cc383adf1487029b27b433f43267d2707eebf2e5,NA,NA,NA,NA,NA,NA,NA,NA
2020-01-27,1,0,0,NA,NA,NA,NA,NA,NA,NA,NA,2020-01-27T00:00:00Z,NA,NA,2020-01-27T00:00:00Z,0,0,0,0,0,0,0,0,2e1c4802e539f083050d840c512ad936d5e10cb8,NA,NA,NA,NA,NA,NA,NA,NA
2020-01-28,1,0,0,NA,NA,NA,NA,NA,NA,NA,NA,2020-01-28T00:00:00Z,NA,NA,2020-01-28T00:00:00Z,0,0,0,0,0,0,0,0,00db446c85c4c4375d06206dfaa1420552136457,0,0,NA,NA,NA,NA,NA,NA
2020-01-29,1,0,0,NA,NA,NA,NA,NA,NA,NA,NA,2020-01-29T00:00:00Z,NA,NA,2020-01-29T00:00:00Z,0,0,0,0,0,0,0,0,65017a4e1f7477778da1c0b4d9842eef8fca1110,0,0,NA,NA,NA,NA,NA,NA
2020-01-30,1,0,0,NA,NA,NA,NA,NA,NA,NA,NA,2020-01-30T00:00:00Z,NA,NA,2020-01-30T00:00:00Z,0,0,0,0,0,0,0,0,3e23ff65ac8ed0efbd35827143213a1e00c7f4cd,0,0,NA,NA,NA,NA,NA,NA
2020-01-31,1,0,0,NA,NA,NA,NA,NA,NA,NA,NA,2020-01-31T00:00:00Z,NA,NA,2020-01-31T00:00:00Z,0,0,0,0,0,0,0,0,9e1edd4625a65f3b44d62c8e7cf2f084c2165e08,0,0,NA,NA,NA,NA,NA,NA
2020-02-01,1,0,0,NA,NA,NA,NA,NA,NA,NA,NA,2020-02-01T00:00:00Z,NA,NA,2020-02-01T00:00:00Z,0,0,0,0,0,0,0,0,469d2e7ee8c3894a4bb238054d86ce183bf335dc,0,0,NA,NA,NA,NA,NA,NA
2020-02-02,1,0,0,NA,NA,NA,NA,NA,NA,NA,NA,2020-02-02T00:00:00Z,NA,NA,2020-02-02T00:00:00Z,0,0,0,0,0,0,0,0,d3e3ee56d4ff78642dedb11f922a308b484eb1fa,0,0,NA,NA,NA,NA,NA,NA
2020-02-03,1,0,0,NA,NA,NA,NA,NA,NA,NA,NA,2020-02-03T00:00:00Z,NA,NA,2020-02-03T00:00:00Z,0,0,0,0,0,0,0,0,c5da240de3be69fd4efedb156699050cac59e80d,0,0,NA,NA,NA,NA,NA,NA
2020-02-04,1,0,0,NA,NA,NA,NA,NA,NA,NA,NA,2020-02-04T00:00:00Z,NA,NA,2020-02-04T00:00:00Z,0,0,0,0,0,0,0,0,45a750e1bd0928001c359d9ce79ff55f32128545,0,0,NA,NA,NaN,NaN,NA,NA
2020-02-05,1,0,0,NA,NA,NA,NA,NA,NA,NA,NA,2020-02-05T00:00:00Z,NA,NA,2020-02-05T00:00:00Z,0,0,0,0,0,0,0,0,61662d131bb20cdcc01638e0ea98b5b64415574b,0,0,NA,NA,NaN,NaN,NA,NA
2020-02-06,1,0,0,NA,NA,NA,NA,NA,NA,NA,NA,2020-02-06T00:00:00Z,NA,NA,2020-02-06T00:00:00Z,0,0,0,0,0,0,0,0,e1839ca3f519cd6dfda5822ea125c4beaeeecc04,0,0,NA,NA,NaN,NaN,NA,NA
2020-02-07,1,0,0,NA,NA,NA,NA,NA,NA,NA,NA,2020-02-07T00:00:00Z,NA,NA,2020-02-07T00:00:00Z,0,0,0,0,0,0,0,0,793638ed6544fc4fbb20e20bfc164355f2bead73,0,0,NA,NA,NaN,NaN,NA,NA
2020-02-08,1,0,0,NA,NA,NA,NA,NA,NA,NA,NA,2020-02-08T00:00:00Z,NA,NA,2020-02-08T00:00:00Z,0,0,0,0,0,0,0,0,30d718b21dd47da556ed7612bc922ff8c45b2fd6,0,0,NA,NA,NaN,NaN,NA,NA
2020-02-09,1,0,0,NA,NA,NA,NA,NA,NA,NA,NA,2020-02-09T00:00:00Z,NA,NA,2020-02-09T00:00:00Z,0,0,0,0,0,0,0,0,b2e9ec447866615a39228a8e87b5e76f3d20069b,0,0,NA,NA,NaN,NaN,NA,NA
2020-02-10,2,0,0,NA,NA,NA,NA,NA,NA,NA,NA,2020-02-10T00:00:00Z,0,NA,2020-02-10T00:00:00Z,0,0,0,0,0,0,0,0,302ea8bc09aa83d8235162eaa19396901724e76f,0,0,NA,NA,NaN,NaN,NA,NA
2020-02-11,2,0,0,NA,NA,NA,NA,NA,NA,NA,NA,2020-02-11T00:00:00Z,0,NA,2020-02-11T00:00:00Z,0,0,0,0,0,0,0,0,c5d00321cf24557bdd475fef84aab5c4e67df783,0,0,NA,NA,NaN,NaN,NA,NA
2020-02-12,2,0,0,NA,NA,NA,NA,NA,NA,NA,NA,2020-02-12T00:00:00Z,0,NA,2020-02-12T00:00:00Z,0,0,0,0,0,0,0,0,ff3bec9238f1097f5e22dfc7175499b10fe3a95d,0,0,NA,NA,NaN,NaN,NA,NA
2020-02-13,2,0,0,NA,NA,NA,NA,NA,NA,NA,NA,2020-02-13T00:00:00Z,0,NA,2020-02-13T00:00:00Z,0,0,0,0,0,0,0,0,6df981c9bff071823aad7c312e26c4b5ae367568,0,0,NA,NA,NaN,NaN,NA,NA
2020-02-14,2,0,0,NA,NA,NA,NA,NA,NA,NA,NA,2020-02-14T00:00:00Z,0,NA,2020-02-14T00:00:00Z,0,0,0,0,0,0,0,0,bec82e1356961fddfa85d623e5d4706bb5415d01,0,0,NA,NA,NaN,NaN,NA,NA
2020-02-15,2,0,0,NA,NA,NA,NA,NA,NA,NA,NA,2020-02-15T00:00:00Z,0,NA,2020-02-15T00:00:00Z,0,0,0,0,0,0,0,0,8e74ea1015cf9d481a9decdc011460df1f6ddada,0,0,NA,NA,NaN,NaN,NA,NA
2020-02-16,2,0,0,NA,NA,NA,NA,NA,NA,NA,NA,2020-02-16T00:00:00Z,0,NA,2020-02-16T00:00:00Z,0,0,0,0,0,0,0,0,c82608c2b90ca8e9a93a7c2de368045635553333,0,0,NA,NA,NaN,NaN,NA,NA
2020-02-17,2,0,0,NA,NA,NA,NA,NA,NA,NA,NA,2020-02-17T00:00:00Z,0,NA,2020-02-17T00:00:00Z,0,0,0,0,0,0,0,0,20447af1a2c179f40ca437ab0090188686e11c4d,0,0,NA,NA,NaN,NaN,NA,NA
2020-02-18,2,0,0,NA,NA,NA,NA,NA,NA,NA,NA,2020-02-18T00:00:00Z,0,NA,2020-02-18T00:00:00Z,0,0,0,0,0,0,0,0,948cb25bc94500e3136ee92445dcb7cc5b5dedf5,0,0,NA,NA,NaN,NaN,NA,NA
2020-02-19,2,0,0,NA,NA,NA,NA,NA,NA,NA,NA,2020-02-19T00:00:00Z,0,NA,2020-02-19T00:00:00Z,0,0,0,0,0,0,0,0,5b478dd73966bbfb98049d0f4eefa7f27ae825bd,0,0,NA,NA,NaN,NaN,NA,NA
2020-02-20,2,0,0,NA,NA,NA,NA,NA,NA,NA,NA,2020-02-20T00:00:00Z,0,NA,2020-02-20T00:00:00Z,0,0,0,0,0,0,0,0,26f649c84dcf42d6b35f0785f8341b231a34798f,0,0,NA,NA,NaN,NaN,NA,NA
2020-02-21,2,0,0,NA,NA,NA,NA,NA,NA,NA,NA,2020-02-21T00:00:00Z,0,NA,2020-02-21T00:00:00Z,0,0,0,0,0,0,0,0,b0f28444f358129500c10f575760070b8707cdbf,0,0,NA,NA,NaN,NaN,NA,NA
2020-02-22,2,0,0,NA,NA,NA,NA,NA,NA,NA,NA,2020-02-22T00:00:00Z,0,NA,2020-02-22T00:00:00Z,0,0,0,0,0,0,0,0,9ec01c57f8f98b01d693f5793f0adf8d1e4c75ca,0,0,NA,NA,NaN,NaN,NA,NA
2020-02-23,2,0,0,NA,NA,NA,NA,NA,NA,NA,NA,2020-02-23T00:00:00Z,0,NA,2020-02-23T00:00:00Z,0,0,0,0,0,0,0,0,6531f81c991bf10f646f1a2e496d08e612d78368,0,0,NA,NA,NaN,NaN,NA,NA
2020-02-24,2,0,0,NA,NA,NA,NA,NA,NA,NA,NA,2020-02-24T00:00:00Z,0,NA,2020-02-24T00:00:00Z,0,0,0,0,0,0,0,0,c613cb859cde2e9a37c81ba183db0663bf6951ee,0,0,NA,NA,NaN,NaN,NA,NA
2020-02-25,2,0,0,NA,NA,NA,NA,NA,NA,NA,NA,2020-02-25T00:00:00Z,0,NA,2020-02-25T00:00:00Z,0,0,0,0,0,0,0,0,8c324b651fd189ba284d122c72ce4ef2bf74a671,0,0,NA,NA,NaN,NaN,NA,NA
2020-02-26,2,0,0,NA,NA,NA,NA,NA,NA,NA,NA,2020-02-26T00:00:00Z,2,NA,2020-02-26T00:00:00Z,0,0,0,2,0,0,0,0,683262640bf399fbf891b585c7639f8970fb818a,0,0.2857142857142857,NA,NA,NaN,Inf,NA,NA
2020-02-27,2,0,0,NA,NA,NA,NA,NA,NA,NA,NA,2020-02-27T00:00:00Z,2,NA,2020-02-27T00:00:00Z,0,0,0,0,0,0,0,0,eaf10894db628b6d6955430b1595ab2221d26429,0,0.2857142857142857,NA,NA,NaN,Inf,NA,NA
2020-02-28,2,0,0,NA,NA,NA,NA,NA,NA,NA,NA,2020-02-28T00:00:00Z,4,NA,2020-02-28T00:00:00Z,0,0,0,2,0,0,0,0,619e7314a2891a6ad64ed8990d4d2de910307b15,0,0.5714285714285714,NA,NA,NaN,Inf,NA,NA
2020-02-29,2,18,24,NA,NA,NA,NA,NA,NA,NA,NA,2020-02-29T00:00:00Z,5,NA,2020-02-29T00:00:00Z,42,42,42,1,0,24,18,42,4dfd317fb99ac5a11ef4612909565d0b46ce4899,2.5714285714285716,0.7142857142857143,NA,NA,Inf,Inf,NA,NA
2020-03-01,4,45,85,NA,NA,NA,NA,NA,NA,NA,NA,2020-03-01T00:00:00Z,8,NA,2020-03-01T00:00:00Z,130,130,130,3,0,61,27,88,38c85105c6ec594baa6c0bf9f4257b6cb8ed77fe,6.428571428571429,1.1428571428571428,NA,NA,Inf,Inf,NA,NA
2020-03-02,4,85,243,NA,NA,NA,NA,NA,NA,NA,NA,2020-03-02T00:00:00Z,11,NA,2020-03-02T00:00:00Z,328,328,328,3,0,158,40,198,6bcf6d487d052b42f772cba4bd4db46fde2cc78c,12.142857142857142,1.5714285714285714,NA,NA,Inf,Inf,NA,NA
2020-03-03,4,126,446,NA,NA,NA,NA,NA,NA,NA,NA,2020-03-03T00:00:00Z,14,NA,2020-03-03T00:00:00Z,572,572,572,3,0,203,41,244,b4d35f6aedcb1c3f18a26f91885102ab107bb3c4,18,2,NA,NA,Inf,Inf,NA,NA
2020-03-04,16,259,1417,103,NA,4,NA,NA,NA,NA,NA,2020-03-04T00:00:00Z,16,4,2020-03-04T00:00:00Z,1779,1676,1676,2,4,971,133,1104,a4439efd769f454470f6b57e379dd69984a13efd,37,2,NA,NA,Inf,6.000000000000001,NA,NA
2020-03-05,24,358,1949,197,NA,5,NA,NA,NA,NA,NA,2020-03-05T00:00:00Z,20,5,2020-03-05T00:00:00Z,2504,2307,2307,4,1,532,99,631,1b075309d18a6faa98c3b5572dfadfec1f69ac9e,51.142857142857146,2.5714285714285716,NA,NA,Inf,8.000000000000002,NA,NA
2020-03-06,36,456,2672,458,NA,6,NA,NA,NA,NA,NA,2020-03-06T00:00:00Z,26,6,2020-03-06T00:00:00Z,3586,3128,3128,6,1,723,98,821,b0d24980d52e1fae765dc2e12b10a21c38d5bca5,65.14285714285714,3.142857142857143,NA,NA,Inf,4.5,NA,NA
2020-03-07,50,615,3333,602,NA,6,NA,NA,NA,NA,NA,2020-03-07T00:00:00Z,27,6,2020-03-07T00:00:00Z,4550,3948,3948,1,0,661,159,820,33578e42278abe538bf20f9861e99c5090bf7340,85.28571428571429,3.142857142857143,NA,NA,32.166666666666664,3.4000000000000004,NA,NA
2020-03-08,50,790,4049,347,NA,6,NA,NA,NA,NA,NA,2020-03-08T00:00:00Z,31,6,2020-03-08T00:00:00Z,5186,4839,4839,4,0,716,175,891,39e6149dc3c407e5fc067c94c4287d69a3c15db9,106.42857142857143,3.2857142857142856,NA,NA,15.55555555555556,1.8750000000000004,NA,NA
2020-03-09,50,1046,5583,313,NA,8,NA,NA,NA,NA,NA,2020-03-09T00:00:00Z,35,8,2020-03-09T00:00:00Z,6942,6629,6629,4,2,1534,256,1790,a59b2edc4e7230f745f2b608ff8d6b8e1e812806,137.28571428571428,3.4285714285714284,NA,NA,10.305882352941175,1.1818181818181817,NA,NA
2020-03-10,50,1381,7767,469,NA,8,NA,NA,NA,NA,NA,2020-03-10T00:00:00Z,37,8,2020-03-10T00:00:00Z,9617,9148,9148,2,0,2184,335,2519,f070847287736912e402b338e11b93f9f7aa99c3,179.28571428571428,3.2857142857142856,NA,NA,8.960317460317459,0.642857142857143,NA,NA
2020-03-11,50,1830,11188,563,NA,11,NA,NA,NA,NA,NA,2020-03-11T00:00:00Z,43,11,2020-03-11T00:00:00Z,13581,13018,13018,6,3,3421,449,3870,f008ffe56ddc8cd6bfdf965613e47742b5c16a36,224.42857142857142,3.857142857142857,NA,NA,5.065637065637066,0.9285714285714288,NA,NA
2020-03-12,51,2435,15938,673,NA,16,NA,NA,NA,NA,NA,2020-03-12T00:00:00Z,51,16,2020-03-12T00:00:00Z,19046,18373,18373,8,5,4750,605,5355,e6e4cf8931136594b719687cd43891e23ccab389,296.7142857142857,4.428571428571429,NA,NA,4.801675977653635,0.7222222222222221,NA,NA
2020-03-13,51,3380,24256,1130,NA,22,NA,NA,NA,NA,NA,2020-03-13T00:00:00Z,55,22,2020-03-13T00:00:00Z,28766,27636,27636,4,6,8318,945,9263,2d1f0462bd1ba6cbbc2eddcf4b7fd867e116af52,417.7142857142857,4.142857142857143,NA,NA,5.412280701754382,0.31818181818181834,NA,NA
2020-03-14,51,4185,28108,1236,NA,26,NA,NA,NA,NA,NA,2020-03-14T00:00:00Z,64,26,2020-03-14T00:00:00Z,33529,32293,32293,9,4,3852,805,4657,0ecbb1b210d6ea168418107cf21e3b7805816204,510,5.285714285714286,NA,NA,4.979899497487436,0.6818181818181817,NA,NA
2020-03-15,51,5290,34661,2242,NA,36,NA,NA,NA,NA,NA,2020-03-15T00:00:00Z,79,36,2020-03-15T00:00:00Z,42193,39951,39951,15,10,6553,1105,7658,8e24978be2f3b91f0bd6547e44c1f8e5485731a9,642.8571428571429,6.857142857142857,NA,NA,5.0402684563758395,1.08695652173913,NA,NA
2020-03-16,56,6790,51186,1691,NA,42,NA,NA,NA,NA,NA,2020-03-16T00:00:00Z,100,42,2020-03-16T00:00:00Z,59667,57976,57976,21,6,16525,1500,18025,c527952c805fa68b875f1bb51443394c5e270f14,820.5714285714286,9.285714285714286,NA,NA,4.977107180020812,1.7083333333333335,NA,NA
2020-03-17,56,10342,65131,1687,325,55,NA,NA,NA,NA,NA,2020-03-17T00:00:00Z,123,55,2020-03-17T00:00:00Z,77160,75473,75473,23,13,13945,3552,17497,3b5742f5fd39897a407debbaa00ce8495f87b719,1280.142857142857,12.285714285714286,NA,NA,6.140239043824704,2.739130434782608,NA,NA
2020-03-18,56,13424,87199,2526,416,67,NA,NA,NA,NA,NA,2020-03-18T00:00:00Z,155,67,2020-03-18T00:00:00Z,103149,100623,100623,32,12,22068,3082,25150,8e489a6f0ea0b274614f368abf95c2f50f938c6b,1656.2857142857142,16,NA,NA,6.380012730744751,3.148148148148147,NA,NA
2020-03-19,56,18092,110522,3016,617,85,NA,NA,NA,NA,NA,2020-03-19T00:00:00Z,203,85,2020-03-19T00:00:00Z,131630,128614,128614,48,18,23323,4668,27991,9c4f7a482630174f88e6e6960e9b2a844a66325e,2236.714285714286,21.714285714285715,NA,NA,6.538276360134806,3.903225806451612,NA,NA
2020-03-20,56,24245,141090,3330,1042,108,NA,NA,NA,NA,NA,2020-03-20T00:00:00Z,272,108,2020-03-20T00:00:00Z,168665,165335,165335,69,23,30568,6153,36721,516a6ee00503b11ada5bf43e828220515c67eb96,2980.714285714286,31,NA,NA,6.1357729138166945,6.482758620689652,NA,NA
2020-03-21,56,31038,179718,3468,1436,2020,NA,NA,NA,NA,NA,2020-03-21T00:00:00Z,334,2020,2020-03-21T00:00:00Z,214224,210756,210756,62,1912,38628,6793,45421,4b8e97a8a431ecdfda932289989c19d9640d5ba6,3836.1428571428573,38.57142857142857,NA,NA,6.521848739495795,6.297297297297298,NA,NA
2020-03-22,56,40199,216174,2842,2155,3023,NA,NA,NA,NA,NA,2020-03-22T00:00:00Z,480,3023,2020-03-22T00:00:00Z,259215,256373,256373,146,1003,36456,9161,45617,7412494cd635d521c67f46a6de323a49de98c4c0,4987,57.285714285714285,NA,NA,6.757555555555559,7.35416666666667,NA,NA
2020-03-23,56,51657,263068,14571,2770,3937,NA,NA,NA,NA,NA,2020-03-23T00:00:00Z,581,3937,2020-03-23T00:00:00Z,329296,314725,314725,101,914,46894,11458,58352,5b6e3cba054a79fc4063965d15dbdb1b7441438e,6409.571428571428,68.71428571428571,NA,NA,6.811107242339833,6.399999999999999,NA,NA
2020-03-24,56,62372,321763,14433,3902,5117,NA,NA,NA,NA,NA,2020-03-24T00:00:00Z,815,5117,2020-03-24T00:00:00Z,398568,384135,384135,234,1180,58695,10715,69410,3deabecb0f0669ccbcfe7c85a8f7d944332aacc8,7432.857142857143,98.85714285714286,NA,NA,4.806271621470823,7.04651162790698,NA,NA
2020-03-25,56,75279,393491,51235,5062,7021,NA,74,167,NA,146,2020-03-25T00:00:00Z,1050,7021,2020-03-25T00:00:00Z,520005,468770,468770,235,1904,71728,12907,84635,2e7da6b2900e763fbd6883d8b6df72f2a97af178,8836.42857142857,127.85714285714286,NA,NA,4.335087114024497,6.991071428571429,NA,NA
2020-03-26,56,92999,477802,60251,7757,9520,1299,91,258,NA,97,2020-03-26T00:00:00Z,1370,9520,2020-03-26T00:00:00Z,631052,570801,570801,320,2499,84311,17720,102031,7ffadc86d5ba9a725acbe621555f32b1f86308a2,10701,166.71428571428572,NA,NA,3.784249856294312,6.677631578947367,NA,NA
2020-03-27,56,112131,561583,60091,10932,12083,1792,124,324,NA,2418,2020-03-27T00:00:00Z,1776,12083,2020-03-27T00:00:00Z,733805,673714,673714,406,2563,83781,19132,102913,cb6ace5b40d0982b2322400d0334cdd918fd8641,12555.142857142857,214.85714285714286,NA,NA,3.2121255691349155,5.930875576036867,NA,NA
2020-03-28,56,131822,648958,65709,12350,14508,2174,140,390,NA,3143,2020-03-28T00:00:00Z,2314,14508,2020-03-28T00:00:00Z,846489,780780,780780,538,2425,87375,19691,107066,ae062586b01b7291b5422d59c89f7636aa581cc6,14397.714285714286,282.85714285714283,NA,NA,2.753174691840767,6.333333333333333,NA,NA
2020-03-29,56,151401,717145,65545,14026,17283,2456,156,439,NA,4052,2020-03-29T00:00:00Z,2835,17283,2020-03-29T00:00:00Z,934091,868546,868546,521,2775,68187,19579,87766,de7b400973a6b37cc386e1e1d58f08b1105c8fb9,15886,336.42857142857144,NA,NA,2.1854822538600343,4.872817955112219,NA,NA
2020-03-30,56,173456,813851,65369,15772,19819,3087,187,451,NA,4560,2020-03-30T00:00:00Z,3424,19819,2020-03-30T00:00:00Z,1052676,987307,987307,589,2536,96706,22055,118761,6f217965b77d50118da4490c355ab2c0f5f5c8b9,17399.85714285714,406.14285714285717,NA,NA,1.714667795930192,4.910602910602914,NA,NA
2020-03-31,56,198304,901508,59518,18082,23725,3487,236,507,NA,5666,2020-03-31T00:00:00Z,4314,23725,2020-03-31T00:00:00Z,1159330,1099812,1099812,890,3906,87657,24848,112505,1b233a3147528396eb83532c59757880f63200a4,19418.85714285714,499.85714285714283,NA,362.2857142857143,1.6125696713434556,4.05635838150289,NA,NA
2020-04-01,56,224089,984489,59665,20775,27953,3937,407,561,140,7084,2020-04-01T00:00:00Z,5324,27953,2020-04-01T00:00:00Z,1268243,1208578,1208578,1010,4228,82981,25785,108766,9fabd19f9aef37fb5a665ac9d4a1875e6c0445be,21258.571428571428,610.5714285714286,2604.5714285714284,418.57142857142856,1.4057877293670682,3.7754189944134087,NA,NA
2020-04-02,56,252146,1075547,62097,22764,32128,4410,456,574,140,8586,2020-04-02T00:00:00Z,6496,32128,2020-04-02T00:00:00Z,1389790,1327693,1327693,1172,4175,91058,28057,119115,aaff599a781f9607c2ba9f0c7f77ccfa6006a2d5,22735.285714285714,732.2857142857143,3049,463.7142857142857,1.1245944971764996,3.392459297343616,NA,NA
2020-04-03,56,284222,1176560,61976,25472,36682,4811,486,605,147,10861,2020-04-03T00:00:00Z,7782,36682,2020-04-03T00:00:00Z,1522758,1460782,1460782,1286,4554,101013,32076,133089,e22d16fde28e0223655503542173bce0a8f19bac,24584.428571428572,858,3480.285714285714,503.85714285714283,0.9581161959811557,2.993351063829787,NA,NA
2020-04-04,56,317434,1372626,15569,29987,41768,5383,554,656,147,12816,2020-04-04T00:00:00Z,9264,41768,2020-04-04T00:00:00Z,1705629,1690060,1690060,1482,5086,196066,33212,229278,f782ccc7f29b57173f5bfd5499a0ad1495775e6a,26516,992.8571428571429,3938.714285714286,541.8571428571429,0.8416812192411476,2.51010101010101,NA,NA
2020-04-05,56,342934,1466925,17303,31875,45671,5677,760,652,147,14513,2020-04-05T00:00:00Z,10604,45671,2020-04-05T00:00:00Z,1827162,1809859,1809859,1340,3903,94299,25500,119799,bab3b241ba234c98db9c86117a90162721f402d0,27361.85714285714,1109.857142857143,4398.857142857143,572.2857142857143,0.7223880865452066,2.298938428874736,NA,NA
2020-04-06,56,371936,1590178,17283,35856,48617,6943,814,2961,147,16554,2020-04-06T00:00:00Z,11922,48617,2020-04-06T00:00:00Z,1979397,1962114,1962114,1318,2946,123253,29002,152255,7bdb492c4a9f53578172bc31bd36dbaddf8b8c93,28354.285714285714,1214,4949.714285714285,930.8571428571429,0.6295700293105873,1.9890960253253605,NA,NA
2020-04-07,56,402821,1713782,16548,43465,51598,9821,889,4076,151,18443,2020-04-07T00:00:00Z,13946,51598,2020-04-07T00:00:00Z,2133151,2116603,2116603,2024,2981,123604,30885,154489,ccaae9900fa293c7103c1a462709d579afdeee2d,29216.714285714286,1376,5854.571428571428,1440.7142857142858,0.5045537474619664,1.7527865104315508,NA,2.9767350157728703
2020-04-08,56,433416,1830936,17219,45141,55909,10180,1013,4131,216,21102,2020-04-08T00:00:00Z,15956,55909,2020-04-08T00:00:00Z,2281571,2264352,2264352,2010,4311,117154,30595,147749,d49636cba5a009e2af8ac1ff165c39927cf0d8ef,29903.85714285714,1518.857142857143,6746.428571428572,1950.7142857142858,0.4066729386465959,1.4875994384651392,1.590225976305398,3.6604095563139962
2020-04-09,56,467911,1967684,17622,50859,59832,12254,924,5794,39,24819,2020-04-09T00:00:00Z,17999,59832,2020-04-09T00:00:00Z,2453217,2435595,2435595,2043,3923,136748,34495,171243,4f4811f71616a45f0c0e16e2ad41cd61f49f841a,30823.571428571428,1643.2857142857142,7867,2696.4285714285716,0.35575914092002914,1.244049941474834,1.5801902263037055,4.814849044978437
2020-04-10,56,502294,2091876,17435,52723,64766,12698,1185,5937,41,28997,2020-04-10T00:00:00Z,20107,64766,2020-04-10T00:00:00Z,2611605,2594170,2594170,2108,4934,124192,34383,158575,d0822d8a82e25361a8742bd8da94e9e11ae73d9b,31153.14285714286,1760.7142857142858,8993.714285714286,3458.1428571428573,0.2671900331801209,1.0521145521145518,1.5841884902717358,5.86333994896513
2020-04-11,56,532800,2198468,16593,55572,67591,13280,1405,5978,154,31567,2020-04-11T00:00:00Z,22162,67591,2020-04-11T00:00:00Z,2747861,2731268,2731268,2055,2825,106592,30506,137098,199ab4b6100e2749d7a47d9f9043988f100dced5,30766.571428571428,1842.5714285714287,10121.857142857143,4218.428571428572,0.16030213563778273,0.8558273381294972,1.5698378731275593,6.785130503559188
2020-04-12,56,560563,2309672,16419,55426,70879,13623,1455,5986,160,34081,2020-04-12T00:00:00Z,23865,70879,2020-04-12T00:00:00Z,2886654,2870235,2870235,1703,3288,111204,27763,138967,4d457b77f365f58f96af55b66cbd159d1d3acc2d,31089.85714285714,1894.4285714285713,11257,4980.428571428572,0.136248061691719,0.7069120864976177,1.559073785398807,7.702695956065899
2020-04-13,56,585763,2419021,17159,56195,75164,13632,1628,6168,210,35372,2020-04-13T00:00:00Z,25510,75164,2020-04-13T00:00:00Z,3021943,3004784,3004784,1645,4285,109349,25200,134549,089af6afe754941879c54a9d88bd1f136c822bbf,30546.714285714286,1941.142857142857,12212.57142857143,5438.571428571428,0.07732265215638834,0.5989644622264052,1.467328561533133,4.842541436464084
2020-04-14,56,611472,2545433,16615,59601,78446,14039,1715,5975,221,39268,2020-04-14T00:00:00Z,27846,78446,2020-04-14T00:00:00Z,3173520,3156905,3156905,2336,3282,126412,25709,152121,895a907a4946e58a8539c925d78fb3969a6c4651,29807.285714285714,1985.7142857142858,12815.142857142857,5709.857142857143,0.020213478586131872,0.44310631229235886,1.1889122053584518,2.9632126921170054
2020-04-15,56,641782,2652457,16901,59940,82880,14647,1783,6032,223,43435,2020-04-15T00:00:00Z,30390,82880,2020-04-15T00:00:00Z,3311140,3294239,3294239,2544,4434,107024,30310,137334,3e8618320a87e0ffa994803106b485eef2798470,29766.571428571428,2062,13453.285714285714,5981.428571428572,-0.004590903227964183,0.35759969902182087,0.994134462678665,2.0662760893445635
2020-04-16,56,672761,2785630,16927,59499,85951,15130,1834,5940,137,48851,2020-04-16T00:00:00Z,32590,85951,2020-04-16T00:00:00Z,3475318,3458391,3458391,2200,3071,133173,30979,164152,3a4df8109c101594b9cb8dba271c51e758bc5c80,29264.285714285714,2084.4285714285716,13864.142857142857,6002.285714285715,-0.05058744467360421,0.2684517082500222,0.7623163667399104,1.2260132450331103
2020-04-17,56,704774,2912972,10889,58895,89356,14890,2052,6096,148,53533,2020-04-17T00:00:00Z,34711,89356,2020-04-17T00:00:00Z,3628635,3617746,3617746,2121,3405,127342,32013,159355,63f2dd9c7133235b2e85279f1a73ccb292e14491,28925.714285714286,2086.285714285714,14177.285714285714,6025,-0.07149932132506709,0.18490872210953357,0.5763549145434899,0.7422646341967196
2020-04-18,56,732679,3031223,9906,57761,92919,14768,2096,5729,205,62840,2020-04-18T00:00:00Z,36604,92919,2020-04-18T00:00:00Z,3773808,3763902,3763902,1893,3563,118251,27905,146156,075809020c359ded561ae8f01dfbe6d82bdbbd5c,28554.14285714286,2063.1428571428573,14389.857142857143,5989.428571428572,-0.07191014366241588,0.11970848193518369,0.42166175038459897,0.41982457922720173
2020-04-19,56,760067,3158055,11324,56526,95158,14410,2145,5603,214,67205,2020-04-19T00:00:00Z,38377,95158,2020-04-19T00:00:00Z,3929446,3918122,3918122,1773,2239,126832,27388,154220,e22e5ecaa7bae265b9e0afc4b5aeeb76ad08da81,28500.571428571428,2073.1428571428573,14502.285714285714,5934.714285714285,-0.08328393734291006,0.09433677701530807,0.2882904605388392,0.19160714797923317
2020-04-20,56,785966,3278424,4037,56783,97369,14489,2193,5567,214,69493,2020-04-20T00:00:00Z,40176,97369,2020-04-20T00:00:00Z,4068427,4064390,4064390,1799,2211,120369,25899,146268,494ad03d125d88d9c65d054bb91e146071085bd5,28600.428571428572,2095.1428571428573,14624.714285714286,5848.857142857143,-0.06371505937042587,0.07933470709449608,0.19751310125397614,0.07543997898607913
2020-04-21,56,812326,3405487,3956,59780,100051,14941,2315,5514,214,72842,2020-04-21T00:00:00Z,42644,100051,2020-04-21T00:00:00Z,4221769,4217813,4217813,2468,2682,127063,26360,153423,26c256547a2b648568ba1e2ae5e7f1ea89364b81,28693.428571428572,2114,14753.57142857143,5783,-0.03736862032772503,0.06460431654676269,0.15126078523175668,0.012809927693963497
2020-04-22,56,841283,3700716,4191,59205,103138,15015,2370,5474,227,92978,2020-04-22T00:00:00Z,44742,103138,2020-04-22T00:00:00Z,4546190,4541999,4541999,2098,3087,295229,28957,324186,cf53680ca5c7fab5c1e1664e09b73c3ed586e454,28500.14285714286,2050.285714285714,14806.142857142857,5703.285714285715,-0.04254532889243001,-0.00568103089926586,0.10055960838032085,-0.04650107475519605
2020-04-23,56,873088,3862346,4258,58989,105940,14744,2428,5464,227,96921,2020-04-23T00:00:00Z,46536,105940,2020-04-23T00:00:00Z,4739692,4735434,4735434,1794,2802,161630,31805,193435,0b266dd1175a80f4ad927b939bebef7bc4714b12,28618.14285714286,1992.2857142857142,14751,5635.285714285715,-0.022079570417377403,-0.044205332054005786,0.06396768642644335,-0.06114337395277991
2020-04-24,56,907327,4064631,4396,57300,108278,14602,2468,5187,227,101296,2020-04-24T00:00:00Z,48433,108278,2020-04-24T00:00:00Z,4976354,4971958,4971958,1897,2338,202285,34239,236524,e198bfeeaac5ee5bce42650606a3d46cfa05ae97,28936.14285714286,1960.2857142857142,14709.857142857143,5505.428571428572,3.6052943500464174e-4,-0.06039441248972899,0.03756511925514805,-0.08623592175459349
2020-04-25,56,943197,4305348,5315,57377,110734,14414,2516,5266,227,112539,2020-04-25T00:00:00Z,50184,110734,2020-04-25T00:00:00Z,5253860,5248545,5248545,1751,2456,240717,35870,276587,95746030cce9f33df38e579d611ab8b05b650839,30074,1940,14659.285714285714,5439.285714285715,0.05322720245748602,-0.05968702395790049,0.018723505643857274,-0.09185231121499893
2020-04-26,56,970508,4484632,4445,56186,112926,14099,2571,5121,227,116529,2020-04-26T00:00:00Z,51401,112926,2020-04-26T00:00:00Z,5459585,5455140,5455140,1217,2192,179284,27311,206595,d4e971de0c8361daa3b401589820b92fa8cec9c6,30063,1860.5714285714287,14614.857142857143,5370.428571428572,0.054820955970807494,-0.10253583241455344,0.00776232318058212,-0.09508220398141665
2020-04-27,56,993208,4658012,4077,56191,116002,13812,3720,4867,195,121323,2020-04-27T00:00:00Z,52675,116002,2020-04-27T00:00:00Z,5655297,5651220,5651220,1274,3076,173380,22700,196080,a1ecefa6a499d1af843cd7f6288b3002f8e23c76,29606,1785.5714285714287,14518.142857142857,5270.428571428572,0.03515931329700339,-0.1477567162143737,-0.007287077647425866,-0.09889599921840742
2020-04-28,56,1018490,4839965,4206,56255,118081,13562,3798,4760,195,139041,2020-04-28T00:00:00Z,54749,118081,2020-04-28T00:00:00Z,5862661,5858455,5858455,2074,2079,181953,25282,207235,b3297e16ef6cc3d3b6e3b14fe909f29630d8bf9a,29452,1729.2857142857142,14321.142857142857,5162.714285714285,0.026437113525247247,-0.18198405189890565,-0.029310094408132925,-0.10726019614139959
2020-04-29,56,1045215,5052618,4832,56206,121496,13535,4093,4796,365,147165,2020-04-29T00:00:00Z,57462,121496,2020-04-29T00:00:00Z,6102665,6097833,6097833,2713,3415,212653,26725,239378,d3521c140c443afbdebb980dea2c096d51b89713,29133.14285714286,1817.142857142857,14109.714285714286,5065.857142857143,0.022210414985389004,-0.1137123745819395,-0.047036461700259324,-0.11176514790972603
2020-04-30,56,1074764,5256521,2775,55114,123786,13255,4192,4712,373,154648,2020-04-30T00:00:00Z,59604,123786,2020-04-30T00:00:00Z,6334060,6331285,6331285,2142,2290,203903,29549,233452,d21758d1a132bfd93d54ce1881473f0e0355c279,28810.85714285714,1866.857142857143,13897,4958.428571428572,0.00673398992647023,-0.0629571203212389,-0.05789438004203151,-0.12011052805029476
2020-05-01,56,1107793,5519621,1639,55122,133575,12845,4300,4707,376,163644,2020-05-01T00:00:00Z,61382,133575,2020-05-01T00:00:00Z,6629053,6627414,6627414,1778,9789,263100,33029,296129,f6f0c4b08babaf042361c3fa2d0b16bc31d69810,28638,1849.857142857143,13646,4889.857142857143,-0.010303476127235367,-0.056332896079288486,-0.07232273791141042,-0.11181171830401149
2020-05-02,56,1136941,5737942,1578,54278,135606,12904,4386,4845,375,174987,2020-05-02T00:00:00Z,62947,135606,2020-05-02T00:00:00Z,6876461,6874883,6874883,1565,2031,218321,29148,247469,be1abdf27619c732e09c09115498f1a7ee9ec62b,27677.714285714286,1823.2857142857142,13430.285714285714,4829.714285714285,-0.07967964734607025,-0.060162002945508775,-0.0838376455683878,-0.11206828627708354
2020-05-03,56,1162651,5949059,2812,52857,137569,12722,4502,4761,425,179733,2020-05-03T00:00:00Z,64178,137569,2020-05-03T00:00:00Z,7114522,7111710,7111710,1231,1963,211117,25710,236827,dcde74dc2b21f829d95d7a50cd6563a5573b40ea,27449,1825.2857142857142,13233.57142857143,4778.285714285715,-0.0869507367860819,-0.018964987714988002,-0.0945124335314349,-0.11025988880908688
2020-05-04,56,1185294,6158727,2791,52634,139220,12696,4579,4848,430,186752,2020-05-04T00:00:00Z,65213,139220,2020-05-04T00:00:00Z,7346812,7344021,7344021,1035,1651,209668,22643,232311,bae212e8387a21fcab03d1c91a618c6d674681cb,27440.85714285714,1791.142857142857,13074.142857142857,4775.571428571428,-0.07313189411412668,0.003120249619969595,-0.0994617572101908,-0.0938931504621463
2020-05-05,56,1207740,6408808,2633,53455,141203,12629,4794,4818,439,189336,2020-05-05T00:00:00Z,67667,141203,2020-05-05T00:00:00Z,7619181,7616548,7616548,2454,1983,250081,22446,272527,41bb7f8efd7eb80c64229b3d359630729a900b83,27035.714285714286,1845.4285714285713,12940.857142857143,4783.857142857143,-0.08204148153896929,0.06716232961586144,-0.09638097518155098,-0.07338332549323456
2020-05-06,56,1232837,6629657,2742,52773,143322,12478,4911,4753,449,189425,2020-05-06T00:00:00Z,69618,143322,2020-05-06T00:00:00Z,7865236,7862494,7862494,1951,2119,220849,25097,245946,5c33a6c9563e3d54c21295e14d5085bee8e38de6,26803.14285714286,1736.5714285714287,12789.857142857143,4777.714285714285,-0.07997763960535842,-0.04433962264150948,-0.09354244289648461,-0.05687938862412234
2020-05-07,56,1260396,6904672,3171,51683,147064,12137,5174,7070,529,194528,2020-05-07T00:00:00Z,72372,147064,2020-05-07T00:00:00Z,8168239,8165068,8165068,2754,3742,275015,27559,302574,cab9b9c3691b539727a772f6314a40826677b92d,26518.85714285714,1824,12630.142857142857,5114.571428571428,-0.07955334298577976,-0.022956841138659922,-0.0911604765673989,0.031490391541098894
2020-05-08,56,1288044,7175795,3307,49992,153956,11780,6294,6788,531,198459,2020-05-08T00:00:00Z,74172,153956,2020-05-08T00:00:00Z,8467146,8463839,8463839,1800,6892,271123,27648,298771,93b6e7176a8916cac4e617f04823811e71d29108,25750.14285714286,1827.142857142857,12478,5411.857142857143,-0.1008400427005075,-0.012278940458722354,-0.08559284772094378,0.10675158491337644
2020-05-09,56,1312831,7443031,3054,48768,155664,11496,6367,6551,543,211976,2020-05-09T00:00:00Z,75617,155664,2020-05-09T00:00:00Z,8758916,8755862,8755862,1445,1708,267236,24787,292023,cb2edd689a64e9e2fc0cb5db31c9ce798f9ffd80,25127.14285714286,1810,12276.857142857143,5655.571428571428,-0.09215253117515931,-0.0072866880827391345,-0.08588265327830424,0.17099503076194922
2020-05-10,56,1334223,7688384,3095,47163,156719,11393,6445,6395,547,215591,2020-05-10T00:00:00Z,76655,156719,2020-05-10T00:00:00Z,9025702,9022607,9022607,1038,1055,245353,21392,266745,12c35f2188fcf0fb9fb0025b92ad5fb6436c69cc,24510.285714285714,1782.4285714285713,12087,5889,-0.10706088694357929,-0.023479690068090475,-0.08664111836778765,0.23245037072470698
2020-05-11,56,1352463,8053622,1989,46552,157957,11147,6488,6350,551,232142,2020-05-11T00:00:00Z,77548,157957,2020-05-11T00:00:00Z,9408074,9406085,9406085,893,1238,365238,18240,383478,914385a2f7d649b1edc9c5873e07631fb0dd60f2,23881.285714285714,1762.142857142857,11865.714285714286,6103.571428571428,-0.12971793883989546,-0.01619078002871266,-0.09242889454648706,0.27808190493284357
2020-05-12,56,1375165,8340605,1803,47596,159536,11241,5595,6352,559,238857,2020-05-12T00:00:00Z,79035,159536,2020-05-12T00:00:00Z,9717573,9715770,9715770,1487,1579,286983,22702,309685,1d519bfa287f858419efa171c4ab00e0127a0e50,23917.85714285714,1624,11667.42857142857,6322.714285714285,-0.11532364597093647,-0.11998761418176163,-0.09840372684520804,0.3216770687132309
2020-05-13,56,1396439,8639769,1983,46926,161345,10978,6713,6156,572,243430,2020-05-13T00:00:00Z,80741,161345,2020-05-13T00:00:00Z,10038191,10036208,10036208,1706,1809,299164,21274,320438,6ff165d3e6dced0a955d9eee2fd3fb1070f21f1b,23371.714285714286,1589,11453.142857142857,6523.142857142857,-0.12802336612977117,-0.08497861138532392,-0.10451362128472386,0.3653271139815808
2020-05-14,56,1423170,8978480,2673,45790,164551,10656,6795,5940,582,246414,2020-05-14T00:00:00Z,82621,164551,2020-05-14T00:00:00Z,10404323,10401650,10401650,1880,3206,338711,26731,365442,5a7f4480267121782176351d49d829884ec1fc54,23253.428571428572,1464.142857142857,11241.57142857143,6361.714285714285,-0.1231360972246166,-0.1972901002506261,-0.1099410706812497,0.24384112619406784
2020-05-15,56,1447917,9313193,2457,44491,165904,10472,6890,5746,589,250747,2020-05-15T00:00:00Z,84128,165904,2020-05-15T00:00:00Z,10763567,10761110,10761110,1507,1353,334713,24747,359460,6bf3adf2526cd242659280292274e4551ec1c8a1,22839,1422.2857142857142,11054.714285714286,6212.857142857143,-0.11305346433584329,-0.2215793588741204,-0.11406360909486446,0.14800834147242847
2020-05-16,56,1472548,9651351,3788,43396,167760,10277,6945,5529,592,268376,2020-05-16T00:00:00Z,85116,167760,2020-05-16T00:00:00Z,11127687,11123899,11123899,988,1856,338158,24631,362789,ebb9a0470b93b0b1002f607f1879778b7c5ed223,22816.714285714286,1357,10880.57142857143,6066.857142857143,-0.09194951390073214,-0.25027624309392227,-0.11373315646163462,0.07272222081891355
2020-05-17,56,1492630,10002921,3449,41785,168959,9932,7003,5467,593,272265,2020-05-17T00:00:00Z,85965,168959,2020-05-17T00:00:00Z,11499000,11495551,11495551,849,1199,351570,20082,371652,0cda555be61b3c67cf57831cc37e2e82579d99b6,22629.571428571428,1330,10671.857142857143,5934.285714285715,-0.07673163453244114,-0.25382704175683257,-0.11707974328972193,0.007689881862068315
2020-05-18,56,1513646,10338098,3596,41748,170116,9755,7064,5257,602,283178,2020-05-18T00:00:00Z,86815,170116,2020-05-18T00:00:00Z,11855340,11851744,11851744,850,1157,335177,21016,356193,409a4daff16f0fd2a0b5f95b668151995cf22aac,23026.14285714286,1323.857142857143,10473,5778.142857142857,-0.03580807446356693,-0.24872314552087527,-0.11737298338550461,-0.05331772966647208
2020-05-19,56,1534548,10720072,2944,41872,171713,9597,7217,5032,606,289484,2020-05-19T00:00:00Z,88141,171713,2020-05-19T00:00:00Z,12257564,12254620,12254620,1326,1597,381974,20902,402876,9468c40dcc9ef9ecb4c94e59856d14d08e23310d,22769,1300.857142857143,10238.142857142857,5589.571428571428,-0.048033447812454444,-0.19897959183673464,-0.12250220393770084,-0.11595381730269505
2020-05-20,56,1555886,11107315,2973,41762,173709,9522,7319,4911,613,294312,2020-05-20T00:00:00Z,89541,173709,2020-05-20T00:00:00Z,12666174,12663201,12663201,1400,1996,387243,21338,408581,8b769860916c15844bc0141e77862f851856a673,22778.14285714286,1257.142857142857,10030.142857142857,5411.714285714285,-0.025397000036674555,-0.2088465342083975,-0.12424537244923362,-0.17038237484122454
2020-05-21,56,1582491,11543590,3641,41191,178339,9090,7412,4868,616,298418,2020-05-21T00:00:00Z,90935,178339,2020-05-21T00:00:00Z,13129722,13126081,13126081,1394,4630,436275,26605,462880,31aa745bd14248978d0f9ab76a7a0054ddc9fb77,22760.14285714286,1187.7142857142858,9806.42857142857,5258.571428571428,-0.021213461609346895,-0.18879890721045978,-0.12766390057312837,-0.1734033953112376
2020-05-22,56,1607064,11929381,3709,39989,182385,9048,7689,4716,633,350135,2020-05-22T00:00:00Z,92277,182385,2020-05-22T00:00:00Z,13540154,13536445,13536445,1342,4046,385791,24573,410364,b99cc8fa25125bf64d98cdde972d882e838b33ab,22735.285714285714,1164.142857142857,9603,5111.428571428572,-0.004541104501696869,-0.18149859381277644,-0.13132083274104078,-0.1772821338238676
2020-05-23,56,1628594,12298530,4084,38614,183763,8733,7770,4620,638,361239,2020-05-23T00:00:00Z,93340,183763,2020-05-23T00:00:00Z,13931208,13927124,13927124,1063,1378,369149,21530,390679,c9e52fcca4535777ab814df56977990aeba118b3,22292.285714285714,1174.857142857143,9382.42857142857,4981.571428571428,-0.0229844036639808,-0.13422465522686644,-0.13768972217845754,-0.17888763304134836
2020-05-24,56,1648640,12660470,3860,37695,184684,8487,7801,4383,639,366736,2020-05-24T00:00:00Z,94020,184684,2020-05-24T00:00:00Z,14312970,14309110,14309110,680,921,361940,20046,381986,d92b8f70ff3e396b4a8458d1b25ccbc4c4f548b5,22287.14285714286,1150.7142857142858,9176,4826.714285714285,-0.015131907049561688,-0.13480128893662768,-0.14016840019811705,-0.18663938372652955
2020-05-25,56,1667330,13065188,3368,37650,185686,8472,7847,4237,642,379157,2020-05-25T00:00:00Z,94580,185686,2020-05-25T00:00:00Z,14735886,14732518,14732518,560,1002,404718,18690,423408,af480b01435d18d9ebc7342da59fc69ae6204940,21954.85714285714,1109.2857142857142,8992.714285714286,4681,-0.04652475757369012,-0.1620805007014141,-0.14134304538200282,-0.18987811209731276
2020-05-26,56,1684082,13356243,1549,37779,203006,8585,7899,4215,650,384902,2020-05-26T00:00:00Z,95226,203006,2020-05-26T00:00:00Z,15041874,15040325,15040325,646,17320,291055,16752,307807,490b69fccff14a0acec582c9b24cd6fec92ece76,21362,1012.1428571428571,8848.142857142857,4564.285714285715,-0.0617945452149844,-0.2219415769822095,-0.13576681038692806,-0.1834283231528102
2020-05-27,56,1703519,13646805,3132,38373,204719,8547,8015,4222,666,391508,2020-05-27T00:00:00Z,96548,204719,2020-05-27T00:00:00Z,15353456,15350324,15350324,1322,1713,290562,19437,309999,cc2374b6b4b58673f15e25df1446711864cf384f,21090.428571428572,1001,8708.857142857143,4465.857142857143,-0.07409358595646232,-0.20375,-0.13173149506487591,-0.174779578691727
2020-05-28,56,1726150,14060234,1906,38069,206349,8389,8109,4080,676,478099,2020-05-28T00:00:00Z,97779,206349,2020-05-28T00:00:00Z,15788290,15786384,15786384,1231,1630,413429,22631,436060,d04e445868e8255f9c240c2e0022d8255fc5c73c,20522.714285714286,977.7142857142857,8608.714285714286,4353.285714285715,-0.09830468048782137,-0.17681019966321876,-0.12213562531866728,-0.17215430589513614
2020-05-29,56,1749723,14525338,2978,36999,208064,8175,8235,4032,689,484554,2020-05-29T00:00:00Z,98963,208064,2020-05-29T00:00:00Z,16278039,16275061,16275061,1184,1715,465104,23573,488677,739cba1f426e2630f023f807704391395eb7396c,20379.85714285714,955.1428571428571,8484,4255.571428571428,-0.10360232992139373,-0.17953123082586797,-0.1165260855982504,-0.16743991056456098
2020-05-30,56,1773405,14928199,1668,35732,209488,7956,8305,4004,698,494569,2020-05-30T00:00:00Z,99895,209488,2020-05-30T00:00:00Z,16703272,16701604,16701604,932,1424,402861,23682,426543,b31fa29dfde544fcbd9cf0a715e966fee241553c,20687.285714285714,936.4285714285714,8373,4167.571428571428,-0.07199800058957084,-0.20294260700389077,-0.10758713095908734,-0.16340225402196618
2020-05-31,56,1794963,15303390,3270,34859,210464,7626,8445,3669,704,522866,2020-05-31T00:00:00Z,100548,210464,2020-05-31T00:00:00Z,17101623,17098353,17098353,653,976,375191,21558,396749,a22c95305073f79c0fe52ddb443406a690571786,20903.285714285714,932.5714285714286,8250,4065.5714285714284,-0.062092173578617404,-0.1895716945996273,-0.10091543156059424,-0.15769378755142416
2020-06-01,56,1815446,15697059,3455,34285,213260,7591,8485,3950,704,536339,2020-06-01T00:00:00Z,101217,213260,2020-06-01T00:00:00Z,17515960,17512505,17512505,669,2796,393669,20483,414152,39553904ce30ecc88f633a37f0b5f7c3edb66e14,21159.428571428572,948.1428571428571,8124.142857142857,4024.5714285714284,-0.03623018661669286,-0.1452672247263359,-0.09658612527601651,-0.14023255104220722
2020-06-02,56,1835555,16097659,4054,33933,214845,7407,8566,3852,710,541976,2020-06-02T00:00:00Z,102180,214845,2020-06-02T00:00:00Z,17937268,17933214,17933214,963,1585,400600,20109,420709,043bce959b162884d1818c706d43a1f2426bc411,21639,993.4285714285714,7955.857142857143,3972.714285714286,0.012966950660049825,-0.01848976711362038,-0.10084440641296888,-0.129608763693271
2020-06-03,56,1855951,16545978,3556,33269,217100,7227,8688,3749,717,557366,2020-06-03T00:00:00Z,103173,217100,2020-06-03T00:00:00Z,18405485,18401929,18401929,993,2255,448319,20396,468715,1ddbcb27a2af1ac3b9cdd3787c96e7e595c54f92,21776,946.4285714285714,7767.285714285715,3905.1428571428573,0.032506282470720516,-0.054516911659768685,-0.10811653160985601,-0.1255558043568663
2020-06-04,56,1876828,16987873,3474,32835,214259,7057,8787,3665,723,569623,2020-06-04T00:00:00Z,104066,214259,2020-06-04T00:00:00Z,18868175,18864701,18864701,893,-2841,441895,20877,462772,c946ff0633e58c4f835f999d8de7dfbd4c03b8fb,21525.428571428572,898.1428571428571,7577,3845.8571428571427,0.048858755803675935,-0.08138515488018672,-0.11984533944010256,-0.11656220260558559
2020-06-05,56,1900227,17472559,1749,32451,215699,6920,8863,3523,740,576327,2020-06-05T00:00:00Z,104892,215699,2020-06-05T00:00:00Z,19374535,19372786,19372786,826,1440,484686,23399,508085,4cfccbe4e358e8aff0a73f31536c9addb18cae2f,21500.571428571428,847,7397.714285714285,3773.1428571428573,0.05499127289550643,-0.1132216571941369,-0.12803933454570027,-0.11336399342039061
2020-06-06,56,1923291,17994337,1796,31938,216716,6762,8920,3476,750,585470,2020-06-06T00:00:00Z,105620,216716,2020-06-06T00:00:00Z,19919424,19917628,19917628,728,1017,521778,23064,544842,50cd07287436ca32744b269708dbff20aa06c498,21412.285714285714,817.8571428571429,7227.142857142857,3697.714285714286,0.03504568023147514,-0.12662090007627735,-0.13685144426814055,-0.11274123333219133
2020-06-07,56,1942032,18398720,1733,31408,217401,6501,8957,3298,753,590988,2020-06-07T00:00:00Z,106067,217401,2020-06-07T00:00:00Z,20342485,20340752,20340752,447,685,404383,18741,423124,97830857ca417ce8b6748985fcc83c6481a1c36d,21009.85714285714,788.4285714285714,7066.428571428572,3644.714285714286,0.005098309903433629,-0.15456495098039214,-0.14346320346320218,-0.10351734073579544
2020-06-08,56,1959241,18778941,1606,31202,218115,6402,9013,3240,762,603143,2020-06-08T00:00:00Z,106728,218115,2020-06-08T00:00:00Z,20739788,20738182,20738182,661,714,380221,17209,397430,bb72cafca5a58812c9ec98fb57ff1411b3838251,20542.14285714286,787.2857142857143,6896.571428571428,3543.285714285714,-0.02917308055848078,-0.16965496459243656,-0.1511016546800542,-0.11958682379667784
2020-06-09,56,1976552,19183320,1661,31183,219642,6457,9141,3090,771,609476,2020-06-09T00:00:00Z,107630,219642,2020-06-09T00:00:00Z,21161533,21159872,21159872,902,1527,404379,17311,421690,59086eb6eb6c49773e8d84979796bd9a7161941b,20142.428571428572,778.5714285714286,6760.857142857143,3434.4285714285716,-0.0691608405458396,-0.2162784009203338,-0.1502038031279741,-0.135495702830019
2020-06-10,56,1997446,19592291,1737,30864,221126,6249,9225,3020,780,618125,2020-06-10T00:00:00Z,108517,221126,2020-06-10T00:00:00Z,21591474,21589737,21589737,887,1484,408971,20894,429865,d9f57d8b2b330a58d5f99b507a14beb0edd5b9c2,20213.571428571428,763.4285714285714,6621.142857142857,3330.285714285714,-0.07175002624120808,-0.19335849056603793,-0.14756028029648116,-0.14720515071700258
2020-06-11,56,2019600,20030353,1816,29698,222493,6074,9295,2886,792,629017,2020-06-11T00:00:00Z,109416,222493,2020-06-11T00:00:00Z,22051769,22049953,22049953,899,1367,438062,22154,460216,069854e5664fc7000e97a89b7efe29cbb0bf1008,20396,764.2857142857143,6480.714285714285,3219,-0.05246950450629928,-0.14903769683473878,-0.14468598578404623,-0.16299543107611225
2020-06-12,56,2043199,20630325,1783,29154,223738,6017,9373,2734,814,636111,2020-06-12T00:00:00Z,110192,223738,2020-06-12T00:00:00Z,22675307,22673524,22673524,776,1245,599972,23599,623571,5e409e25a09eb0e64772051e1bb44b1c64d1afd7,20424.571428571428,757.1428571428571,6351.714285714285,3106.285714285714,-0.050045181523415305,-0.1060887164783273,-0.14139502549049865,-0.17673784643343904
2020-06-13,56,2068573,21101713,1698,28450,224843,5883,9430,2726,830,645331,2020-06-13T00:00:00Z,110886,224843,2020-06-13T00:00:00Z,23171984,23170286,23170286,694,1105,471388,25374,496762,9e7f27043668f80e6c38cec0d670d47605386114,20754.571428571428,752.2857142857143,6226.142857142857,2999.1428571428573,-0.030716678008620768,-0.08017467248908305,-0.13850563352441192,-0.18891979601298114
2020-06-14,56,2089972,21565867,1672,27893,225483,5749,9466,2716,834,650541,2020-06-14T00:00:00Z,111242,225483,2020-06-14T00:00:00Z,23657511,23655839,23655839,356,640,464154,21399,485553,e6791464469bea6a707f5f5ca100768eebf45dc4,21134.285714285714,739.2857142857143,6118.714285714285,2916,0.005922390170599812,-0.06233013227033901,-0.1341150308298804,-0.199937286873359
2020-06-15,56,2108601,21981257,1619,27867,226026,5703,9516,2640,835,665059,2020-06-15T00:00:00Z,111623,226026,2020-06-15T00:00:00Z,24091477,24089858,24089858,381,543,415390,18629,434019,134c3bdd88bc137f6467a7039854dcb7dec99b0e,21337.14285714286,699.2857142857143,6018.857142857143,2830.285714285714,0.038700928405019486,-0.11177644710578827,-0.12726820780512138,-0.2012256581865095
2020-06-16,56,2132098,22423907,1604,28270,227327,5570,9590,2594,845,672228,2020-06-16T00:00:00Z,112354,227327,2020-06-16T00:00:00Z,24557609,24556005,24556005,731,1301,442650,23497,466147,a8d3481b8739e0f7e8d25f6e6dd916b461863264,22220.85714285714,674.8571428571429,5892.142857142857,2759.4285714285716,0.10318659262253793,-0.13321100917431195,-0.1284917381566163,-0.19653924545567936
2020-06-17,56,2156102,22887075,1745,28573,228457,5613,9665,2588,857,680916,2020-06-17T00:00:00Z,113121,228457,2020-06-17T00:00:00Z,25044922,25043177,25043177,767,1130,463168,24004,487172,ff0f26ab8a14a2bd7567ada22b59f49d66215a5f,22665.14285714286,657.7142857142857,5801.285714285715,2697.714285714286,0.12128343757729931,-0.1384730538922152,-0.12382411323034381,-0.1899450926561428
2020-06-18,56,2183846,23378700,1903,28414,229497,5465,9736,2520,869,690692,2020-06-18T00:00:00Z,113826,229497,2020-06-18T00:00:00Z,25564449,25562546,25562546,705,1040,491625,27744,519369,e0928f20df4390e8204d6cba2ff5e456d6c6eabd,23463.714285714286,630,5714.285714285715,2645.4285714285716,0.15040764295520148,-0.17570093457943903,-0.11826297806679054,-0.17818310921759173
2020-06-19,56,2215318,23926807,2032,28615,231110,5341,9876,2434,884,698119,2020-06-19T00:00:00Z,114481,231110,2020-06-19T00:00:00Z,26144157,26142125,26142125,655,1613,548107,31472,579579,3465e4ffb06f791c9adabf475b25666ced1ef68b,24588.428571428572,612.7142857142857,5617.714285714285,2602.5714285714284,0.2038650924656582,-0.1907547169811319,-0.11555935405514828,-0.1621596762325236
2020-06-20,56,2247612,24460111,2108,27967,231855,5229,9908,2380,888,708864,2020-06-20T00:00:00Z,115110,231855,2020-06-20T00:00:00Z,26709831,26707723,26707723,629,745,533304,32294,565598,98f360881c4d2342dae91298d59745d827f4104d,25577,603.4285714285714,5524.285714285715,2553.1428571428573,0.23235500612601734,-0.1978731484998103,-0.11272743959800824,-0.14870915499666526
2020-06-21,56,2275540,24956160,2084,28219,232369,5195,9944,2321,904,713537,2020-06-21T00:00:00Z,115404,232369,2020-06-21T00:00:00Z,27233784,27231700,27231700,294,514,496049,27928,523977,a52db07ab1529fbb895771a4343b267a9c16d21e,26509.714285714286,594.5714285714286,5445.142857142857,2496.714285714286,0.25434635663106686,-0.195748792270531,-0.11008381779552234,-0.14378796786204184
2020-06-22,56,2302821,25400249,2028,28799,233169,5323,10002,2299,909,731602,2020-06-22T00:00:00Z,115690,233169,2020-06-22T00:00:00Z,27705098,27703070,27703070,286,800,444089,27281,471370,112105a44705607743761b94161e34749c476817,27745.714285714286,581,5390.857142857143,2448,0.3003481521156943,-0.16915219611848853,-0.10433874489698958,-0.1350696547546938
2020-06-23,56,2336268,25869353,1891,30235,234426,5402,10077,2293,918,738952,2020-06-23T00:00:00Z,116400,234426,2020-06-23T00:00:00Z,28207512,28205621,28205621,710,1257,469104,33447,502551,dc1e31b6443e9b4ef6748806d478c3e43676f809,29167.14285714286,578,5366.857142857143,2405,0.3126020598408179,-0.14352243861134606,-0.08915020002424401,-0.12844274176848236
2020-06-24,56,2375111,26354402,2049,31102,235736,5293,10173,2248,934,747565,2020-06-24T00:00:00Z,117124,235736,2020-06-24T00:00:00Z,28731562,28729513,28729513,724,1310,485049,38843,523892,b66cdd6d07109bdb00eb12121bd2ff3ed68ad605,31287,571.8571428571429,5321.142857142857,2356.4285714285716,0.3804016236385632,-0.130538662033015,-0.0827649043315527,-0.1265092141495443
2020-06-25,56,2414360,26957095,2133,31844,236993,5319,10257,2214,951,756719,2020-06-25T00:00:00Z,117771,236993,2020-06-25T00:00:00Z,29373588,29371455,29371455,647,1257,602693,39249,641942,47b285a31cf71b5512d511d8c7a1f9478e2d00b8,32930.57142857143,563.5714285714286,5300.285714285715,2312.714285714286,0.4034679687785405,-0.10544217687074875,-0.07245000000000124,-0.12576952154660292
2020-06-26,56,2458903,27522589,2201,31738,238519,5283,10334,2075,966,763966,2020-06-26T00:00:00Z,118408,238519,2020-06-26T00:00:00Z,29983693,29981492,29981492,637,1526,565494,44543,610037,8f20e33bebdefda9885d6f783a639ab964ea6f7e,34797.857142857145,561,5292,2261.4285714285716,0.41521273072699616,-0.08440195849848497,-0.05797985962770802,-0.1310791524865519
2020-06-27,56,2502687,28078236,2186,32483,239576,5315,10415,2159,977,772465,2020-06-27T00:00:00Z,118919,239576,2020-06-27T00:00:00Z,30583109,30580923,30580923,511,1057,555647,43784,599431,23d2e23e8bbba7aeb62cbebe8e33217c3a113bb9,36439.28571428572,544.1428571428571,5304.285714285715,2229.8571428571427,0.4246895927702894,-0.0982481060606063,-0.039824153090251,-0.12662264995523764
2020-06-28,56,2544259,28614042,2198,32476,240156,5248,10473,2077,983,778321,2020-06-28T00:00:00Z,119190,240156,2020-06-28T00:00:00Z,31160499,31158301,31158301,271,580,535806,41572,577378,fe7f2ea01ab0246cf740a3570ed4d8f2e3baeb40,38388.42857142857,540.8571428571429,5311.857142857143,2195,0.44808911019141284,-0.09034118212397935,-0.024477909539300957,-0.12084453853636212
2020-06-29,56,2584070,29230030,2194,33586,240826,5380,10542,2011,990,798360,2020-06-29T00:00:00Z,119522,240826,2020-06-29T00:00:00Z,31816294,31814100,31814100,332,670,615988,39811,655799,f4f2fb2fbe9e89a725e43297da2bca2da39a449c,40178.42857142857,547.4285714285714,5320,2153.8571428571427,0.44809494387807547,-0.05778214900417977,-0.013143947424211322,-0.12015639589169036
2020-06-30,56,2631933,29810182,2432,35248,242408,5424,10669,2044,1008,813788,2020-06-30T00:00:00Z,120118,242408,2020-06-30T00:00:00Z,32444547,32442115,32442115,596,1582,580152,47863,628015,d5fe7b58eb96fc693e69f54fb280461ae07fdd45,42237.857142857145,531.1428571428571,5323.142857142857,2118.285714285714,0.4481314590782195,-0.0810677212061297,-0.008145229982964075,-0.11921591921591923
2020-07-01,56,2682914,30399580,2604,36405,243846,5512,10752,2098,1027,823151,2020-07-01T00:00:00Z,120819,243846,2020-07-01T00:00:00Z,33085098,33082494,33082494,701,1438,589398,50981,640379,3300f3849ab89129618558f2463a43e019d0dfcf,43971.857142857145,527.8571428571429,5354.428571428572,2096.8571428571427,0.4054353930660395,-0.07694229328004021,0.006255369415807843,-0.11015459230069757
2020-07-02,56,2736998,31007934,2208,37500,245849,5626,10843,2105,1041,875127,2020-07-02T00:00:00Z,121514,245849,2020-07-02T00:00:00Z,33747140,33744932,33744932,695,2003,608354,54084,662438,5c31980bd8962e09e59ed6a01c8714f19a87d2f6,46091.142857142855,534.7142857142857,5398.285714285715,2081.285714285714,0.39964600848538456,-0.05120405576679332,0.018489569295456976,-0.10006794737167224
2020-07-03,56,2790948,31661977,2237,37798,247284,5597,10936,2049,1059,883561,2020-07-03T00:00:00Z,122112,247284,2020-07-03T00:00:00Z,34455162,34452925,34452925,598,1435,654043,53950,707993,37e11424009ffd17b8297954d9a1a51ad94f726b,47435,529.1428571428571,5443.142857142857,2077.5714285714284,0.3631586509842559,-0.05678635090399753,0.02856063060144609,-0.08130132659507283
2020-07-04,56,2845286,32239458,2083,38146,248155,5633,10977,1982,1063,894325,2020-07-04T00:00:00Z,122418,248155,2020-07-04T00:00:00Z,35086827,35084744,35084744,306,871,577481,54338,631819,cb558b9efb2d8e42dc1fd4c43245c6589271b32a,48942.71428571428,499.85714285714283,5488.571428571428,2052.285714285714,0.34313045182789503,-0.08138619060120711,0.03474279558308613,-0.07963354474982376
2020-07-05,56,2890899,32872797,1885,38764,248745,5653,11010,2080,1064,902558,2020-07-05T00:00:00Z,122627,248745,2020-07-05T00:00:00Z,35765581,35763696,35763696,209,590,633339,45613,678952,50444aeb5041865043490126c917c1af064e8be1,49520,491,5546.428571428572,2052.714285714286,0.28997205259025294,-0.09218172213417863,0.0441599655756677,-0.06482264887731926
2020-07-06,56,2932817,33344399,1907,39768,249539,5684,11058,2105,1070,924148,2020-07-06T00:00:00Z,122870,249539,2020-07-06T00:00:00Z,36279123,36277216,36277216,243,794,471602,41918,513520,7ff5aa5e755960c90142505eee3544887e0ce6c0,49821,478.2857142857143,5589.857142857143,2066.1428571428573,0.23999374219997338,-0.1263048016701459,0.05072502685284741,-0.04072428201896883
2020-07-07,56,2984543,33928570,2136,41760,251499,5832,11177,2098,1084,936476,2020-07-07T00:00:00Z,123793,251499,2020-07-07T00:00:00Z,36915249,36913113,36913113,923,1960,584171,51726,635897,d3d273636646a1f2bb5ac3da1fd500142de49f12,50372.857142857145,525,5648.142857142857,2073.8571428571427,0.19259973280570875,-0.011565357719204084,0.06105415705007755,-0.020973833288373434
2020-07-08,56,3047215,34504129,2360,43078,253534,5874,11303,2172,1103,953420,2020-07-08T00:00:00Z,124600,253534,2020-07-08T00:00:00Z,37553704,37551344,37551344,807,2035,575559,62672,638231,058baa2f58aa4f3e6c3cf0ed0cbdb735a055ba5b,52043,540.1428571428571,5699.857142857143,2084.4285714285716,0.18355246699999683,0.023274695534506007,0.06451268642778918,-0.005927238043330174
2020-07-09,56,3106372,35150973,2530,43934,255253,5845,11370,2127,1138,969111,2020-07-09T00:00:00Z,125467,255253,2020-07-09T00:00:00Z,38259875,38257345,38257345,867,1719,646844,59157,706001,d503ce0524fa27ab5933dbc2ad2c5b7b3ca95806,52767.71428571428,564.7142857142857,5731.142857142857,2087.5714285714284,0.14485584463082413,0.056104728827144124,0.06165978617550483,0.0030201111950025616
2020-07-10,56,3173218,35893902,2493,51595,257571,5896,11523,2197,1118,983185,2020-07-10T00:00:00Z,126321,257571,2020-07-10T00:00:00Z,39069613,39067120,39067120,854,2318,742929,66846,809775,b63f01b7f91de429e721757b92a1dd1367e0ae67,54610,601.2857142857143,5773.857142857143,2108.714285714286,0.1512596184252144,0.1363390928725703,0.0607579654611301,0.014990029567489627
2020-07-11,56,3236114,36531657,2618,51859,262712,5939,11612,2169,1128,995576,2020-07-11T00:00:00Z,127078,262712,2020-07-11T00:00:00Z,39770389,39767771,39767771,757,5141,637755,62896,700651,714b695485f01393a91242811d645df46c972627,55832.57142857143,665.7142857142857,5817.571428571428,2135.4285714285716,0.14077390768799658,0.33180908831094524,0.05994273815720841,0.040512320757343456
2020-07-12,56,3297426,37234051,2639,52727,263651,5930,11679,2182,1136,1006326,2020-07-12T00:00:00Z,127554,263651,2020-07-12T00:00:00Z,40534116,40531477,40531477,476,939,702394,61312,763706,817b102102f3a681b35ca7277a11ca5a072e147f,58075.28571428572,703.8571428571429,5857.142857142857,2150,0.1727642510962366,0.4335176025603731,0.056020605280102886,0.04739369475955213
2020-07-13,56,3355523,37870551,2610,53988,264865,6074,11749,2259,1142,1031939,2020-07-13T00:00:00Z,127881,264865,2020-07-13T00:00:00Z,41228684,41226074,41226074,327,1214,636500,58097,694597,e886a2a14519a172792623d47cfbe5e534cbb99f,60386.57142857143,715.8571428571429,5912.857142857143,2172,0.21207064146788324,0.49671445639187506,0.057783229829537985,0.05123418377929845
2020-07-14,56,3418249,38573451,960,55565,267127,6235,11857,2263,1154,1049098,2020-07-14T00:00:00Z,128617,267127,2020-07-14T00:00:00Z,41992660,41991700,41991700,736,2262,702900,62726,765626,b68161502246a017e11cdf115c98b03b18932b85,61958,689.1428571428571,5970.428571428572,2195.5714285714284,0.22998780522390172,0.3126530612244893,0.05706047499810296,0.05868981194461664
2020-07-15,56,3484046,39276541,2947,56144,269543,6317,12002,2317,1166,1075882,2020-07-15T00:00:00Z,129475,269543,2020-07-15T00:00:00Z,42763534,42760587,42760587,858,2416,703090,65797,768887,335f2cc5c0b3d95e1b92177e0ba58c150f969d1f,62404.42857142857,696.4285714285714,6033.714285714285,2216.285714285714,0.19909360666042586,0.289341444062418,0.05857289656382525,0.06325817284627488
2020-07-16,56,3555082,40032828,2929,57442,271758,6359,12091,2317,1175,1090645,2020-07-16T00:00:00Z,130422,271758,2020-07-16T00:00:00Z,43590839,43587910,43587910,947,2215,756287,71036,827323,de7e0145af590d9aa18f130da65cb22040f77a85,64101.42857142857,707.8571428571429,6107.142857142857,2243.4285714285716,0.21478501464640232,0.2534783708575772,0.06560646094022582,0.0746595497160063
2020-07-17,56,3631926,40790485,3002,57761,274436,6453,12243,2353,1200,1106844,2020-07-17T00:00:00Z,131373,274436,2020-07-17T00:00:00Z,44425413,44422411,44422411,951,2678,757657,76844,834501,59b804e226d4d4a56f7da25d44d177322e8ca7b9,65529.71428571428,721.7142857142857,6186.714285714285,2265.714285714286,0.19995814476678797,0.2002851033499642,0.07150456491080637,0.07445295034211741
2020-07-18,56,3696876,41482371,3032,57645,276439,6396,12342,2343,1211,1122720,2020-07-18T00:00:00Z,132245,276439,2020-07-18T00:00:00Z,45182279,45179247,45179247,872,2003,691886,64950,756836,a57ef7bc9119a1a50c11da750d38ac97773a0efa,65823.14285714286,738.1428571428571,6252,2290.5714285714284,0.1789380494744488,0.10879828326180285,0.07467524494757405,0.07265185978057254
2020-07-19,56,3761135,42197702,3052,57885,277383,6384,12393,2362,1216,1131171,2020-07-19T00:00:00Z,132772,277383,2020-07-19T00:00:00Z,45961889,45958837,45958837,527,944,715331,64259,779590,8b8decce8619963fcbe5bf50aad078ee38be4dd5,66244.14285714286,745.4285714285714,6316.857142857143,2316.285714285714,0.1406597839749888,0.059062309721940265,0.07848780487804796,0.07734219269102982
2020-07-20,56,3818176,42851850,3003,58371,279030,6558,12475,2403,1223,1160087,2020-07-20T00:00:00Z,133135,279030,2020-07-20T00:00:00Z,46673029,46670026,46670026,363,1647,654148,57041,711189,2a11024507974e67def584682bf20935dc1f7a24,66093.28571428571,750.5714285714286,6386,2336.8571428571427,0.09450303520650283,0.04849331470764384,0.08001932834017778,0.07590107866350992
2020-07-21,56,3882105,43538211,3197,59364,281581,6711,12629,2414,1242,1182931,2020-07-21T00:00:00Z,134173,281581,2020-07-21T00:00:00Z,47423513,47420316,47420316,1038,2551,686361,63929,750290,4da6a9ccad360b3bd0090106332e10ae1e62699d,66265.14285714286,793.7142857142857,6454,2358.4285714285716,0.06951713833795314,0.15174129353233923,0.08099442490369091,0.07417528791723615
2020-07-22,56,3951439,44265316,3051,59596,283829,10457,12790,2440,1258,1210849,2020-07-22T00:00:00Z,135344,283829,2020-07-22T00:00:00Z,48219806,48216755,48216755,1171,2248,727105,69334,796439,0aa346e0513ad4d97a17feb1db9206ec90acbc87,66770.42857142857,838.4285714285714,7045.428571428572,2376,0.06996298339632534,0.2038974358974357,0.16767686333933018,0.07206394224571433
2020-07-23,56,4022992,45034837,3179,59718,286338,10414,12933,2465,1280,1233269,2020-07-23T00:00:00Z,136399,286338,2020-07-23T00:00:00Z,49061008,49057829,49057829,1055,2509,769521,71553,841074,dc6d4ce20f7d5bf2cf98afa63497290573420e41,66844.28571428571,853.8571428571429,7624.714285714285,2397.1428571428573,0.04278932941097846,0.20625630676084739,0.24849122807017632,0.06851757514009194
2020-07-24,56,4098227,45886042,3409,59682,289370,10395,13182,2711,1297,1261624,2020-07-24T00:00:00Z,137575,289370,2020-07-24T00:00:00Z,49987678,49984269,49984269,1176,3032,851205,75235,926440,2c96f1ce234deb2cb89a4927be1fa0dee217834d,66614.42857142857,886,8187.857142857143,2448.285714285714,0.016553014117913767,0.22763262074425983,0.323458101461656,0.08058007566204317
2020-07-25,56,4162969,46602011,3377,59301,291347,10380,13279,2729,1300,1279414,2020-07-25T00:00:00Z,138598,291347,2020-07-25T00:00:00Z,50768357,50764980,50764980,1023,1977,715969,64742,780711,33216c9ff612343e59d0634957c85303dd22cde8,66584.71428571429,907.5714285714286,8757,2503.4285714285716,0.01156996453700554,0.2295335784788075,0.40067178502879086,0.09292752900087398
2020-07-26,56,4223978,47382065,3361,58621,292782,10353,13343,2723,1336,1297863,2020-07-26T00:00:00Z,139157,292782,2020-07-26T00:00:00Z,51609404,51606043,51606043,559,1435,780054,61009,841063,2b2e233b9552c7f6b8c1aba043cf27c8179b759a,66120.42857142857,912.1428571428571,9324,2555,-0.0018675505543345183,0.22364890762744327,0.47605047718123905,0.10305908474158154
2020-07-27,56,4279299,48089207,3398,58897,294472,10328,13412,2720,1356,1325804,2020-07-27T00:00:00Z,140216,294472,2020-07-27T00:00:00Z,52371904,52368506,52368506,1059,1690,707142,55321,762463,4755ce1502ea5d9db72edc8e15d07a1907b9c8e8,65874.71428571429,1011.5714285714286,9862.57142857143,2600.285714285714,-0.0033070141120883356,0.34773505900266377,0.5444051720280991,0.11272771732485642
2020-07-28,56,4335751,48770388,3600,57091,299144,10463,13559,2752,1372,1355363,2020-07-28T00:00:00Z,141338,299144,2020-07-28T00:00:00Z,53109739,53106139,53106139,1122,4672,681181,56452,737633,6eb5c80da09cfde68257dd3e86ff14648e7b1946,64806.57142857143,1023.5714285714286,10398.57142857143,2648.5714285714284,-0.022011141388705968,0.2895968322534195,0.6111824339280179,0.12302380519716527
2020-07-29,56,4402711,49560100,3840,57339,302078,10539,13744,2772,1400,1390568,2020-07-29T00:00:00Z,142830,302078,2020-07-29T00:00:00Z,53966651,53962811,53962811,1492,2934,789712,66960,856672,0d2c4f2378d06b8adff55e9b2a2a97d13ce01e2b,64467.42857142857,1069.4285714285713,10410.285714285714,2696,-0.034491316729176824,0.27551542000340734,0.4775943874447477,0.1346801346801343
2020-07-30,56,4472130,50298050,3947,56381,305461,10513,13875,2760,1415,1413957,2020-07-30T00:00:00Z,144089,305461,2020-07-30T00:00:00Z,54774127,54770180,54770180,1259,3383,737950,69419,807369,bf9457e142160fa9c70b6bcba076e3368ebed98f,64162.57142857143,1098.5714285714287,10424.42857142857,2738.1428571428573,-0.04011882627000973,0.2865986280742854,0.36718940288160673,0.14225268176400463
2020-07-31,56,4539754,50955877,3956,55540,308088,10472,14044,2703,1437,1438160,2020-07-31T00:00:00Z,145400,308088,2020-07-31T00:00:00Z,55499587,55495631,55495631,1311,2627,657827,67624,725451,9f52e7c63015344dd7dd4a4adf9561c6e509d8a4,63075.28571428572,1117.857142857143,10435.42857142857,2737,-0.053128773045737154,0.26168977749113154,0.2745005670417875,0.11792507877231895
2020-08-01,56,4600856,51629781,3975,54412,310406,10428,14227,2698,1445,1461885,2020-08-01T00:00:00Z,146590,310406,2020-08-01T00:00:00Z,56234612,56230637,56230637,1190,2318,673904,61102,735006,d2303125336f000aa224e3bbdfab97b0d3db2e79,62555.28571428572,1141.7142857142858,10442.285714285714,2732.5714285714284,-0.06051581980420062,0.2579883519597037,0.19245012153542485,0.09153161378680608
2020-08-02,56,4647612,52273107,3888,53931,311223,10405,14288,2645,1448,1468689,2020-08-02T00:00:00Z,147088,311223,2020-08-02T00:00:00Z,56924607,56920719,56920719,498,817,643326,46756,690082,67067739eedc0a4d63376b1ff8a0c879d7bad294,60519.142857142855,1133,10449.714285714286,2721.4285714285716,-0.08471339093385921,0.24212999216914666,0.12073297787583526,0.065138384120772
2020-08-03,56,4697381,52965810,3662,53326,312947,10216,14370,2659,1463,1513446,2020-08-03T00:00:00Z,147607,312947,2020-08-03T00:00:00Z,57666853,57663191,57663191,519,1724,692703,49769,742472,10bc64eb93c7d7989288b27edb7977c6b92b1035,59726,1055.857142857143,10433.714285714286,2712.714285714286,-0.09333952112559896,0.04377912724191546,0.05791013644659393,0.043237006922316024
2020-08-04,56,4749246,53625363,3789,53293,317437,10208,14537,2701,1493,1528979,2020-08-04T00:00:00Z,148862,317437,2020-08-04T00:00:00Z,58378398,58374609,58374609,1255,4490,659553,51865,711418,9cb750994dc85195d0669dbb40a0f4c8c0810746,59070.71428571428,1074.857142857143,10397.285714285714,2705.4285714285716,-0.08850733832106972,0.05010467550593112,-1.2364335760384204e-4,0.021467098166127574
2020-08-05,56,4801572,54268978,3842,53281,319706,9970,14687,2719,1524,1577851,2020-08-05T00:00:00Z,150208,319706,2020-08-05T00:00:00Z,59074392,59070550,59070550,1346,2269,643615,52326,695941,3fd59f29ae36142c7e54c91032111ff7df3ed084,56980.142857142855,1054,10316,2697.8571428571427,-0.11614059813150457,-0.014426930269836546,-0.00905697661653282,6.888512081393294e-4
2020-08-06,56,4855757,54960377,3903,53053,322388,9976,14810,2718,1534,1598624,2020-08-06T00:00:00Z,151459,322388,2020-08-06T00:00:00Z,59820037,59816134,59816134,1251,2682,691399,54185,745584,9a3b9d1c2907b83282a1f7c7fc4bc7fb5c625f81,54803.857142857145,1052.857142857143,10239.285714285714,2691.8571428571427,-0.14585940178742396,-0.04161248374512416,-0.017760480190761152,-0.01690405384254179
2020-08-07,56,4917103,55676096,3988,51153,330424,9670,14925,2617,1549,1623870,2020-08-07T00:00:00Z,152792,330424,2020-08-07T00:00:00Z,60597187,60593199,60593199,1333,8036,715719,61346,777065,9645801fbe58178d11fb5cbc3087dcf66c5da5c0,53907,1056,10124.714285714286,2679.5714285714284,-0.14535464422334343,-0.0553354632587858,-0.02977494250355972,-0.02098230596586459
2020-08-08,56,4970816,56298076,3888,49884,331838,9653,15024,2566,1561,1643137,2020-08-08T00:00:00Z,153881,331838,2020-08-08T00:00:00Z,61272780,61268892,61268892,1089,1414,621980,53713,675693,50bdb7c62c72527e0356b1c608972cf06dba6369,52851.42857142857,1041.5714285714287,10014,2660.714285714286,-0.15512449558904484,-0.08771271271271197,-0.041014556200065444,-0.02629652864910026
2020-08-09,56,5021440,56965015,3871,48902,332693,9303,15081,2507,1578,1656888,2020-08-09T00:00:00Z,154497,332693,2020-08-09T00:00:00Z,61990326,61986455,61986455,616,855,666939,50624,717563,98a7d13f970db11397cca38b357dba65f5f317ae,53404,1058.4285714285713,9856.57142857143,2641,-0.11756846712020241,-0.06581767746816292,-0.056761633947613466,-0.02955380577427824
2020-08-10,56,5063529,57658417,3966,48635,334347,9216,15158,2533,1592,1670755,2020-08-10T00:00:00Z,154923,334347,2020-08-10T00:00:00Z,62725912,62721946,62721946,426,1654,693402,42089,735491,0fb8a1ab58a57698a5592edcc99a807950f9f0e7,52306.857142857145,1045.142857142857,9713.714285714286,2623,-0.12421965069053564,-0.010147476660803512,-0.06900706500903664,-0.033071778398020446
2020-08-11,56,5119231,58357174,4118,48498,337062,9136,15331,2415,1612,1714960,2020-08-11T00:00:00Z,156249,337062,2020-08-11T00:00:00Z,63480523,63476405,63476405,1326,2715,698757,55702,754459,671061c4c716b28e5c5feb5ece87f22c2e6e24d5,52855,1055.2857142857142,9560.57142857143,2582.1428571428573,-0.10522497249059959,-0.018208399787346896,-0.08047429961116193,-0.04556975393388962
2020-08-12,56,5175363,58796198,4174,47968,340117,9553,15524,2604,1629,1755225,2020-08-12T00:00:00Z,157766,340117,2020-08-12T00:00:00Z,63975735,63971561,63971561,1517,3055,439024,56132,495156,bab8576116521ca268522de2aab384839713405f,53398.71428571428,1079.7142857142858,9501,2565.714285714286,-0.06285397669864912,0.024396855516399585,-0.07900348972469962,-0.04898067249139604
2020-08-13,56,5227123,59639733,4239,47228,342802,9489,15629,2579,1649,1774648,2020-08-13T00:00:00Z,158929,342802,2020-08-13T00:00:00Z,64871095,64866856,64866856,1163,2685,843535,51760,895295,db574dea62610cb1e2a3969f1d3511dd3544487c,53052.28571428572,1067.142857142857,9431.42857142857,2545.8571428571427,-0.031960732690868854,0.01356852103120798,-0.0788978025810948,-0.05423764793291963
2020-08-14,56,5282758,60438637,4415,45776,345014,9277,15764,2549,1665,1796326,2020-08-14T00:00:00Z,160145,345014,2020-08-14T00:00:00Z,65725810,65721395,65721395,1216,2212,798904,55635,854539,b6fbba2709ec81f91c73c6bb76bbf4d142314e4e,52236.42857142857,1050.4285714285713,9375.285714285714,2536.1428571428573,-0.03098987939546627,-0.005275974025974239,-0.0740197254243512,-0.05352668337154165
2020-08-15,56,5338906,61131947,4452,44794,347045,9101,15891,2526,1663,1818546,2020-08-15T00:00:00Z,161364,347045,2020-08-15T00:00:00Z,66475305,66470853,66470853,1219,2031,693310,56148,749458,485aaf3208c5dfcb53518222d5ad2ab3606261ff,52584.28571428572,1069,9296.42857142857,2530.4285714285716,-0.005054600497351847,0.026333836236455355,-0.07165682330451817,-0.04896644295302033
2020-08-16,56,5381393,61872546,4302,44028,347694,8947,15924,2481,1665,1833096,2020-08-16T00:00:00Z,161983,347694,2020-08-16T00:00:00Z,67258241,67253939,67253939,619,649,740599,42487,783086,fab55e58282a401b761bddd445ca805155a5f103,51421.857142857145,1069.4285714285713,9245.57142857143,2526.714285714286,-0.03711599987159919,0.010392765555405026,-0.06198910081743958,-0.043273651755287634
2020-08-17,56,5419274,62498392,4298,43485,348961,8871,15985,2447,1678,1865580,2020-08-17T00:00:00Z,162390,348961,2020-08-17T00:00:00Z,67921964,67917666,67917666,407,1267,625846,37881,663727,4e5f11b11530f290faf5d7a32d79c9070007c58a,50820.71428571428,1066.7142857142858,9196.285714285714,2514.4285714285716,-0.028412008258954846,0.020639693821760785,-0.05326783928466439,-0.04139208104133674
2020-08-18,56,5460070,63115251,4412,43747,351234,8866,16123,2468,1695,1889170,2020-08-18T00:00:00Z,163585,351234,2020-08-18T00:00:00Z,68579733,68575321,68575321,1195,2273,616859,40796,657655,f9e3939316c39e74ba4186076eeba16a466cea9c,48691.28571428572,1048,9157.714285714286,2522,-0.07877616660134756,-0.0069040205766888185,-0.042137349829657667,-0.02329183955740033
2020-08-19,56,5505023,63760074,4374,43330,353266,8744,16377,2371,1705,1924875,2020-08-19T00:00:00Z,165005,353266,2020-08-19T00:00:00Z,69269471,69265097,69265097,1420,2032,644823,44953,689776,347b3f286a79d125ce28e5c07e703897408fd99f,47094.28571428572,1034.142857142857,9042.142857142857,2488.714285714286,-0.11806330275474741,-0.04220693305107148,-0.04829566812516062,-0.030011135857460958
2020-08-20,56,5548781,64394152,4170,41988,355276,8483,16487,2335,1716,1946866,2020-08-20T00:00:00Z,166139,355276,2020-08-20T00:00:00Z,69947103,69942933,69942933,1134,2010,634078,43758,677836,3c0c9af6c2fff0cc9920b633dec221ca4aa47694,45951.142857142855,1030,8898.42857142857,2453.8571428571427,-0.13385177964595585,-0.03480589022757685,-0.056513177824901395,-0.036137141574546616
2020-08-21,56,5595343,65091206,4199,40951,357093,8357,16563,2286,1730,1965056,2020-08-21T00:00:00Z,167262,357093,2020-08-21T00:00:00Z,70690748,70686549,70686549,1123,1817,697054,46562,743616,7ecb3b682b6193426bf5865cc505b1d0ce29165b,44655,1016.7142857142857,8767,2416.285714285714,-0.14513680928744366,-0.03209574323405362,-0.06488183217273291,-0.04725961809271639
2020-08-22,56,5641585,65801499,4154,39911,358630,8218,16657,2204,1736,1985493,2020-08-22T00:00:00Z,168291,358630,2020-08-22T00:00:00Z,71447238,71443084,71443084,1029,1537,710293,46242,756535,4e5f006d8a6f0c5daa42672f8b78be0b0d4ae109,43239.857142857145,989.5714285714286,8640.857142857143,2370.285714285714,-0.17770382243473093,-0.0743017506347724,-0.07051863234729017,-0.06328685146502533
2020-08-23,56,5679152,66379446,4149,39029,359404,7951,16697,2131,1737,1997782,2020-08-23T00:00:00Z,168863,359404,2020-08-23T00:00:00Z,72062747,72058598,72058598,572,774,577947,37567,615514,a72f1af6ebdcbab368513b1b6c98aabf886d6715,42537,982.8571428571429,8498.57142857143,2320.285714285714,-0.17278366897900532,-0.08095110873630762,-0.0807954387428721,-0.08169842257024962
2020-08-24,56,5713793,67027456,4143,38657,360453,7836,16787,2118,1764,2020774,2020-08-24T00:00:00Z,169206,360453,2020-08-24T00:00:00Z,72745392,72741249,72741249,343,1049,648010,34641,682651,1c029577638b1dadd625599e56af218f0d5b18f9,42074.142857142855,973.7142857142857,8350.714285714286,2273.285714285714,-0.17210642454567138,-0.08718360787464907,-0.09194705937179459,-0.09590364183853206
2020-08-25,56,5750113,67625238,4091,38762,362452,7851,16920,2163,1789,2053699,2020-08-25T00:00:00Z,170353,362452,2020-08-25T00:00:00Z,73379442,73375351,73375351,1147,1999,597782,36320,634102,c144664f3f263ae51da25dab7b1e5d9f79198296,41434.71428571428,966.8571428571429,8205.714285714286,2229.714285714286,-0.149032241028756,-0.07742639040348975,-0.10395607138400065,-0.11589441486348684
2020-08-26,56,5793243,68256910,4081,38411,364325,7763,17046,2142,1809,2084465,2020-08-26T00:00:00Z,171602,364325,2020-08-26T00:00:00Z,74054234,74050153,74050153,1249,1873,631672,43130,674802,0e32c0c576bbc6f72ad0dc3907f4805f17c32b49,41174.28571428572,942.4285714285714,8065.571428571428,2197,-0.12570527209852678,-0.08868628263572287,-0.10800221186507586,-0.11721485563400502
