date,state,positive,negative,pending,hospitalizedCurrently,hospitalizedCumulative,inIcuCurrently,inIcuCumulative,onVentilatorCurrently,onVentilatorCumulative,recovered,dataQualityGrade,lastUpdateEt,dateModified,checkTimeEt,death,hospitalized,dateChecked,totalTestsViral,positiveTestsViral,negativeTestsViral,positiveCasesViral,deathConfirmed,deathProbable,totalTestEncountersViral,totalTestsPeopleViral,totalTestsAntibody,positiveTestsAntibody,negativeTestsAntibody,totalTestsPeopleAntibody,positiveTestsPeopleAntibody,negativeTestsPeopleAntibody,totalTestsPeopleAntigen,positiveTestsPeopleAntigen,totalTestsAntigen,positiveTestsAntigen,fips,positiveIncrease,negativeIncrease,total,totalTestResults,totalTestResultsIncrease,posNeg,deathIncrease,hospitalizedIncrease,hash,commercialScore,negativeRegularScore,negativeScore,positiveScore,score,grade,deathConfirmedIncrease,totalTestsViralIncrease,positiveCasesViralIncrease,positiveIncrease7d,positiveCasesViralIncrease7d,deathIncrease7d,inIcuCurrently7d,onVentilatorCurrently7d,deathConfirmedIncrease7d,dPositiveIncrease7d,dPositiveCasesViralIncrease7d,dDeathIncrease7d,dInIcuCurrently7d,dOnVentilatorCurrently7d,dDeathConfirmedIncrease7d
2020-03-12,MA,8,NA,NA,NA,NA,NA,NA,NA,NA,NA,NA,3/11/2020 00:00,2020-03-11T00:00:00Z,03/10 20:00,NA,NA,2020-03-11T00:00:00Z,NA,NA,NA,NA,NA,NA,NA,NA,NA,NA,NA,NA,NA,NA,NA,NA,NA,NA,25,0,0,8,8,0,8,0,0,8072ad809ee6c19dfbbe0fd0b00ad8775744e320,0,0,0,0,0,NA,NA,NA,NA,NA,NA,NA,NA,NA,NA,NA,NA,NA,NA,NA,NA
2020-03-13,MA,23,NA,NA,NA,NA,NA,NA,NA,NA,NA,NA,3/13/2020 16:00,2020-03-13T16:00:00Z,03/13 12:00,NA,NA,2020-03-13T16:00:00Z,NA,NA,NA,NA,NA,NA,NA,NA,NA,NA,NA,NA,NA,NA,NA,NA,NA,NA,25,15,0,23,23,15,23,0,0,7c43474242398b2fa3c7a1512e505c37e7c049fb,0,0,0,0,0,NA,NA,NA,NA,NA,NA,NA,NA,NA,NA,NA,NA,NA,NA,NA,NA
2020-03-14,MA,38,NA,NA,NA,NA,NA,NA,NA,NA,NA,NA,3/14/2020 16:00,2020-03-14T16:00:00Z,03/14 12:00,NA,NA,2020-03-14T16:00:00Z,NA,NA,NA,NA,NA,NA,NA,NA,NA,NA,NA,NA,NA,NA,NA,NA,NA,NA,25,15,0,38,38,15,38,0,0,dc7552981a08eea0c167cf5de135104a31edf909,0,0,0,0,0,NA,NA,NA,NA,NA,NA,NA,NA,NA,NA,NA,NA,NA,NA,NA,NA
2020-03-15,MA,64,584,NA,NA,NA,NA,NA,NA,NA,NA,NA,3/14/2020 16:00,2020-03-14T16:00:00Z,03/14 12:00,NA,NA,2020-03-14T16:00:00Z,NA,NA,NA,NA,NA,NA,NA,NA,NA,NA,NA,NA,NA,NA,NA,NA,NA,NA,25,26,584,648,648,610,648,0,0,3ebf064efb44e027090d8cb9b76324b324ad57a9,0,0,0,0,0,NA,NA,NA,NA,NA,NA,NA,NA,NA,NA,NA,NA,NA,NA,NA,NA
2020-03-16,MA,97,1199,NA,NA,NA,NA,NA,NA,NA,NA,NA,3/16/2020 15:48,2020-03-16T15:48:00Z,03/16 11:48,NA,NA,2020-03-16T15:48:00Z,NA,NA,NA,NA,NA,NA,NA,NA,NA,NA,NA,NA,NA,NA,NA,NA,NA,NA,25,33,615,1296,1296,648,1296,0,0,3137b611a9807cff01e095feb093f123a0b57224,0,0,0,0,0,NA,NA,NA,NA,NA,NA,NA,NA,NA,NA,NA,NA,NA,NA,NA,NA
2020-03-17,MA,118,1633,NA,NA,NA,NA,NA,NA,NA,NA,NA,3/16/2020 16:00,2020-03-16T16:00:00Z,03/16 12:00,NA,NA,2020-03-16T16:00:00Z,NA,NA,NA,NA,NA,NA,NA,NA,NA,NA,NA,NA,NA,NA,NA,NA,NA,NA,25,21,434,1751,1751,455,1751,0,0,70f59dba97d9710e456cb78d96783c8535defdcd,0,0,0,0,0,NA,NA,NA,NA,NA,NA,NA,NA,NA,NA,NA,NA,NA,NA,NA,NA
2020-03-18,MA,156,2115,NA,NA,NA,NA,NA,NA,NA,NA,NA,3/18/2020 16:00,2020-03-18T16:00:00Z,03/18 12:00,2,NA,2020-03-18T16:00:00Z,NA,NA,NA,NA,NA,NA,NA,NA,NA,NA,NA,NA,NA,NA,NA,NA,NA,NA,25,38,482,2271,2271,520,2271,2,0,d6c3af9b907bf570f281a173c06e5d37ba2f276a,0,0,0,0,0,NA,NA,NA,NA,21.142857142857142,NA,0.2857142857142857,NA,NA,NA,NA,NA,NA,NA,NA,NA
2020-03-19,MA,229,2918,NA,NA,NA,NA,NA,NA,NA,NA,NA,3/19/2020 11:30,2020-03-19T11:30:00Z,03/19 07:30,3,NA,2020-03-19T11:30:00Z,NA,NA,NA,NA,NA,NA,NA,NA,NA,NA,NA,NA,NA,NA,NA,NA,NA,NA,25,73,803,3147,3147,876,3147,1,0,127df8cc85d8b635ccffc96907bd00ffa02d1449,0,0,0,0,0,NA,NA,NA,NA,31.571428571428573,NA,0.42857142857142855,NA,NA,NA,NA,NA,NA,NA,NA,NA
2020-03-20,MA,314,3795,NA,NA,NA,NA,NA,NA,NA,NA,NA,3/20/2020 16:00,2020-03-20T16:00:00Z,03/20 12:00,5,NA,2020-03-20T16:00:00Z,NA,NA,NA,NA,NA,NA,NA,NA,NA,NA,NA,NA,NA,NA,NA,NA,NA,NA,25,85,877,4109,4109,962,4109,2,0,9a4948714b953d8a85fa318f8c0732e89440cc5c,0,0,0,0,0,NA,NA,NA,NA,41.57142857142857,NA,0.7142857142857143,NA,NA,NA,NA,NA,NA,NA,NA,NA
2020-03-21,MA,426,4799,NA,NA,61,NA,NA,NA,NA,NA,NA,3/21/2020 16:00,2020-03-21T16:00:00Z,03/21 12:00,7,61,2020-03-21T16:00:00Z,NA,NA,NA,NA,NA,NA,NA,NA,NA,NA,NA,NA,NA,NA,NA,NA,NA,NA,25,112,1004,5225,5225,1116,5225,2,61,b2625e6c4784d66621034f72709af3451104539a,0,0,0,0,0,NA,NA,NA,NA,55.42857142857143,NA,1,NA,NA,NA,NA,NA,NA,NA,NA,NA
2020-03-22,MA,547,5476,NA,NA,71,NA,NA,NA,NA,NA,NA,3/22/2020 16:00,2020-03-22T16:00:00Z,03/22 12:00,11,71,2020-03-22T16:00:00Z,NA,NA,NA,NA,NA,NA,NA,NA,NA,NA,NA,NA,NA,NA,NA,NA,NA,NA,25,121,677,6023,6023,798,6023,4,10,f3a61cac2e614df838d00d28caeb869007bc12fd,0,0,0,0,0,NA,NA,NA,NA,69,NA,1.5714285714285714,NA,NA,NA,NA,NA,NA,NA,NA,NA
2020-03-23,MA,678,8263,NA,NA,79,NA,NA,NA,NA,NA,B,3/23/2020 12:30,2020-03-23T12:30:00Z,03/23 08:30,17,79,2020-03-23T12:30:00Z,NA,NA,NA,NA,NA,NA,NA,NA,NA,NA,NA,NA,NA,NA,NA,NA,NA,NA,25,131,2787,8941,8941,2918,8941,6,8,13ca26cc66fb28184974d316e61b4cf4a92e28fb,0,0,0,0,0,NA,NA,NA,NA,83,NA,2.4285714285714284,NA,NA,NA,NA,NA,NA,NA,NA,NA
2020-03-24,MA,1060,12714,NA,NA,94,NA,NA,NA,NA,NA,B,3/24/2020 12:30,2020-03-24T12:30:00Z,03/24 08:30,26,94,2020-03-24T12:30:00Z,NA,NA,NA,NA,NA,NA,NA,NA,NA,NA,NA,NA,NA,NA,NA,NA,NA,NA,25,382,4451,13774,13774,4833,13774,9,15,3e0a44b6eeefb17514203a05df1a2131ae98bc68,0,0,0,0,0,NA,NA,NA,NA,134.57142857142858,NA,3.7142857142857144,NA,NA,NA,NA,NA,NA,NA,NA,NA
2020-03-25,MA,1739,18079,NA,NA,103,NA,NA,NA,NA,NA,B,3/25/2020 16:00,2020-03-25T16:00:00Z,03/25 12:00,33,103,2020-03-25T16:00:00Z,NA,NA,NA,NA,NA,NA,NA,NA,NA,NA,NA,NA,NA,NA,NA,NA,NA,NA,25,679,5365,19818,19818,6044,19818,7,9,041a47012a43e4c9e1185716f1c329a15fb31ffc,0,0,0,0,0,NA,NA,NA,NA,226.14285714285714,NA,4.428571428571429,NA,NA,NA,9.695945945945946,NA,14.499999999999998,NA,NA,NA
2020-03-26,MA,2318,21327,NA,NA,219,NA,NA,NA,NA,NA,B,3/26/2020 12:30,2020-03-26T12:30:00Z,03/26 08:30,42,219,2020-03-26T12:30:00Z,NA,NA,NA,NA,NA,NA,NA,NA,NA,NA,NA,NA,NA,NA,NA,NA,NA,NA,25,579,3248,23645,23645,3827,23645,9,116,cbd258bbc88b871793fcac375af6d2f8a8f9e07d,0,0,0,0,0,NA,NA,NA,NA,298.42857142857144,NA,5.571428571428571,NA,NA,NA,8.452488687782804,NA,12,NA,NA,NA
2020-03-27,MA,3151,26244,NA,NA,219,NA,NA,NA,NA,NA,B,3/27/2020 12:30,2020-03-27T12:30:00Z,03/27 08:30,57,219,2020-03-27T12:30:00Z,NA,NA,NA,NA,NA,NA,NA,NA,NA,NA,NA,NA,NA,NA,NA,NA,NA,NA,25,833,4917,29395,29395,5750,29395,15,0,79abd50bb05af5ba89e7d77c8db1798f7608f365,0,0,0,0,0,NA,NA,NA,NA,405.2857142857143,NA,7.428571428571429,NA,NA,NA,8.749140893470788,NA,9.4,NA,NA,NA
2020-03-28,MA,4158,30915,NA,NA,350,NA,NA,NA,NA,NA,B,3/27/2020 12:30,2020-03-27T12:30:00Z,03/27 08:30,72,350,2020-03-27T12:30:00Z,NA,NA,NA,NA,NA,NA,NA,NA,NA,NA,NA,NA,NA,NA,NA,NA,NA,NA,25,1007,4671,35073,35073,5678,35073,15,131,153eaf3c4d67bd68aebb58cb2c413a0440056a8f,0,0,0,0,0,NA,NA,NA,NA,533.1428571428571,NA,9.285714285714286,NA,NA,NA,8.61855670103093,NA,8.285714285714285,NA,NA,NA
2020-03-29,MA,4856,34234,NA,NA,399,NA,NA,NA,NA,NA,B,3/28/2020 12:30,2020-03-28T12:30:00Z,03/28 08:30,99,399,2020-03-28T12:30:00Z,NA,NA,NA,NA,NA,NA,NA,NA,NA,NA,NA,NA,NA,NA,NA,NA,NA,NA,25,698,3319,39090,39090,4017,39090,27,49,ca11d2d19c19787978ccd8eb776af67b882792f2,0,0,0,0,0,NA,NA,NA,NA,615.5714285714286,NA,12.571428571428571,NA,NA,NA,7.921325051759828,NA,6.999999999999998,NA,NA,NA
2020-03-30,MA,5653,37166,NA,NA,453,NA,NA,NA,NA,NA,B,3/30/2020 16:15,2020-03-30T16:15:00Z,03/30 12:15,124,453,2020-03-30T16:15:00Z,NA,NA,NA,NA,NA,NA,NA,NA,NA,NA,NA,NA,NA,NA,NA,NA,NA,NA,25,797,2932,42819,42819,3729,42819,25,54,80e0eead18cc8abe8fd5144f72263884a54c9659,0,0,0,0,0,NA,NA,NA,NA,710.7142857142857,NA,15.285714285714286,NA,NA,NA,7.562822719449223,NA,5.294117647058823,NA,NA,NA
2020-03-31,MA,6521,40440,NA,NA,562,NA,NA,NA,NA,NA,B,3/31/2020 12:30,2020-03-31T12:30:00Z,03/31 08:30,153,562,2020-03-31T12:30:00Z,NA,NA,NA,NA,NA,NA,NA,NA,NA,NA,NA,NA,NA,NA,NA,NA,NA,NA,25,868,3274,46961,46961,4142,46961,29,109,c2b77d1c6618e8196ad8c0c1a5ea88219a3456d9,0,0,0,0,0,NA,NA,NA,NA,780.1428571428571,NA,18.142857142857142,NA,NA,NA,4.797239915074312,NA,3.884615384615384,NA,NA,NA
2020-04-01,MA,7639,44125,NA,NA,682,NA,NA,NA,NA,NA,B,3/31/2020 12:30,2020-03-31T12:30:00Z,03/31 08:30,187,682,2020-03-31T12:30:00Z,NA,NA,NA,NA,NA,NA,NA,NA,NA,NA,NA,NA,NA,NA,NA,NA,NA,NA,25,1118,3685,51764,51764,4803,51764,34,120,6b3177ec93ee930563dda3d75f8715cb53d15285,0,0,0,0,0,NA,NA,NA,NA,842.8571428571429,NA,22,NA,NA,NA,2.7271004421983562,NA,3.967741935483872,NA,NA,NA
2020-04-02,MA,8867,47767,NA,NA,813,NA,NA,NA,NA,NA,B,4/2/2020 16:00,2020-04-02T16:00:00Z,04/02 12:00,229,813,2020-04-02T16:00:00Z,NA,NA,NA,NA,NA,NA,NA,NA,NA,NA,NA,NA,NA,NA,NA,NA,NA,NA,25,1228,3642,56634,56634,4870,56634,42,131,5b7b55e79bd4e0da038d7e5ed63fb174f6d279b8,0,0,0,0,0,NA,NA,NA,NA,935.5714285714286,NA,26.714285714285715,NA,NA,NA,2.1349928195308765,NA,3.7948717948717956,NA,NA,NA
2020-04-03,MA,10303,52685,NA,NA,966,NA,NA,NA,NA,NA,B,4/3/2020 12:30,2020-04-03T12:30:00Z,04/03 08:30,265,966,2020-04-03T12:30:00Z,NA,NA,NA,NA,NA,NA,NA,NA,NA,NA,NA,NA,NA,NA,NA,NA,NA,NA,25,1436,4918,62988,62988,6354,62988,36,153,0f755e044389417cff547bee104788b3b11c9e11,0,0,0,0,0,NA,NA,NA,NA,1021.7142857142857,NA,29.714285714285715,NA,NA,NA,1.520972858653507,NA,3.000000000000001,NA,NA,NA
2020-04-04,MA,11637,57191,NA,1370,1370,NA,NA,NA,NA,NA,B,4/4/2020 12:30,2020-04-04T12:30:00Z,04/04 08:30,304,1370,2020-04-04T12:30:00Z,NA,NA,NA,NA,NA,NA,NA,NA,NA,NA,NA,NA,NA,NA,NA,NA,NA,NA,25,1334,4506,68828,68828,5840,68828,39,404,ee265cd1ecf42886504d1f8ebd98d35c94f5f835,0,0,0,0,0,NA,NA,NA,NA,1068.4285714285713,NA,33.142857142857146,NA,NA,NA,1.004019292604501,NA,2.5692307692307703,NA,NA,NA
2020-04-05,MA,12402,59565,NA,1632,1632,NA,NA,NA,NA,NA,B,4/5/2020 12:30,2020-04-05T12:30:00Z,04/05 08:30,370,1632,2020-04-05T12:30:00Z,NA,NA,NA,NA,NA,NA,NA,NA,NA,NA,NA,NA,NA,NA,NA,NA,NA,NA,25,765,2374,71967,71967,3139,71967,66,262,4f0c1e00038134f02de75ec75a1b0b13c1199bdd,0,0,0,0,0,NA,NA,NA,NA,1078,NA,38.714285714285715,NA,NA,NA,0.751218380134602,NA,2.079545454545455,NA,NA,NA
2020-04-06,MA,13739,62720,NA,1667,1667,NA,NA,NA,NA,NA,B,4/6/2020 12:30,2020-04-06T12:30:00Z,04/06 08:30,448,1667,2020-04-06T12:30:00Z,NA,NA,NA,NA,NA,NA,NA,NA,NA,NA,NA,NA,NA,NA,NA,NA,NA,NA,25,1337,3155,76459,76459,4492,76459,78,35,555b6e4a3682d5deae09dc87000ac0e469e8b310,0,0,0,0,0,NA,NA,NA,NA,1155.142857142857,NA,46.285714285714285,NA,NA,NA,0.6253266331658294,NA,2.0280373831775704,NA,NA,NA
2020-04-07,MA,15104,66270,NA,1831,1831,NA,NA,NA,NA,NA,B,4/7/2020 12:30,2020-04-07T12:30:00Z,04/07 08:30,515,1831,2020-04-07T12:30:00Z,NA,NA,NA,NA,NA,NA,NA,NA,NA,NA,NA,NA,NA,NA,NA,NA,NA,NA,25,1365,3550,81374,81374,4915,81374,67,164,44fcc8be01571b117dd1fbdccbc80353ba5dfca9,0,0,0,0,0,NA,NA,NA,NA,1226.142857142857,NA,51.714285714285715,NA,NA,NA,0.5716901666361469,NA,1.8503937007874018,NA,NA,NA
2020-04-08,MA,16692,70849,NA,2119,2119,NA,NA,NA,NA,NA,B,4/8/2020 12:30,2020-04-08T12:30:00Z,04/08 08:30,615,2119,2020-04-08T12:30:00Z,NA,NA,NA,NA,NA,NA,NA,NA,NA,NA,NA,NA,NA,NA,NA,NA,NA,NA,25,1588,4579,87541,87541,6167,87541,100,288,b8f2c175137a46b41c336bdffc7d8f88490c8a2d,0,0,0,0,0,NA,NA,NA,NA,1293.2857142857142,NA,61.142857142857146,NA,NA,NA,0.5344067796610175,NA,1.7792207792207777,NA,NA,NA
2020-04-09,MA,18843,76146,NA,2302,2302,NA,NA,NA,NA,NA,B,4/9/2020 12:30,2020-04-09T12:30:00Z,04/09 08:30,725,2302,2020-04-09T12:30:00Z,NA,NA,NA,NA,NA,NA,NA,NA,NA,NA,NA,NA,NA,NA,NA,NA,NA,NA,25,2151,5297,94989,94989,7448,94989,110,183,52efbb81e3898c1b478519772600a32eff82f3b3,0,0,0,0,0,NA,NA,NA,NA,1425.142857142857,NA,70.85714285714286,NA,NA,NA,0.5232859978622695,NA,1.6524064171122999,NA,NA,NA
2020-04-10,MA,20878,81564,NA,2435,2435,NA,NA,NA,NA,NA,B,4/10/2020 12:30,2020-04-10T12:30:00Z,04/10 08:30,832,2435,2020-04-10T12:30:00Z,NA,NA,NA,NA,NA,NA,NA,NA,NA,NA,NA,NA,NA,NA,NA,NA,NA,NA,25,2035,5418,102442,102442,7453,102442,107,133,1a52775f7a6dd383e1672f4909770b5b287332f5,0,0,0,0,0,NA,NA,NA,NA,1510.7142857142858,NA,81,NA,NA,NA,0.47860738255033564,NA,1.7259615384615388,NA,NA,NA
2020-04-11,MA,22766,86115,NA,2507,2507,NA,NA,NA,NA,NA,B,4/11/2020 12:30,2020-04-11T12:30:00Z,04/11 08:30,946,2507,2020-04-11T12:30:00Z,NA,NA,NA,NA,NA,NA,NA,NA,NA,NA,NA,NA,NA,NA,NA,NA,NA,NA,25,1888,4551,108881,108881,6439,108881,114,72,ac00c103bcbe335162db0fb76a1f09a5e594aea8,0,0,0,0,0,NA,NA,NA,NA,1589.857142857143,NA,91.71428571428571,NA,NA,NA,0.4880331595133034,NA,1.7672413793103439,NA,NA,NA
2020-04-12,MA,25381,91463,NA,2514,2514,NA,NA,NA,NA,NA,B,4/12/2020 16:00,2020-04-12T16:00:00Z,04/12 12:00,1056,2514,2020-04-12T16:00:00Z,NA,NA,NA,NA,NA,NA,NA,NA,NA,NA,NA,NA,NA,NA,NA,NA,NA,NA,25,2615,5348,116844,116844,7963,116844,110,7,e23e17b5b42ae3d6252690a9be80cf2a1eb3aa1f,0,0,0,0,0,NA,NA,NA,NA,1854.142857142857,NA,98,NA,NA,NA,0.7199840975351184,NA,1.5313653136531373,NA,NA,NA
2020-04-13,MA,26794,95500,NA,3485,3485,NA,NA,NA,NA,NA,B,4/13/2020 10:00,2020-04-13T10:00:00Z,04/13 06:00,1211,3485,2020-04-13T10:00:00Z,NA,NA,NA,NA,NA,NA,NA,NA,NA,NA,NA,NA,NA,NA,NA,NA,NA,NA,25,1413,4037,122294,122294,5450,122294,155,971,5073ba8d682d9246c2d3adad4bc1762ef25e6366,0,0,0,0,0,NA,NA,NA,NA,1865,NA,109,NA,NA,NA,0.6145189215928757,NA,1.3549382716049378,NA,NA,NA
2020-04-14,MA,28109,98820,NA,3616,3616,NA,NA,NA,NA,NA,B,4/14/2020 10:00,2020-04-14T10:00:00Z,04/14 06:00,1329,3616,2020-04-14T10:00:00Z,NA,NA,NA,NA,NA,NA,NA,NA,NA,NA,NA,NA,NA,NA,NA,NA,NA,NA,25,1315,3320,126929,126929,4635,126929,118,131,1cec987928f50046381e6ed2b756c67ef5d1299b,0,0,0,0,0,NA,NA,NA,NA,1857.857142857143,NA,116.28571428571429,NA,NA,NA,0.5152044739601538,NA,1.2486187845303882,NA,NA,NA
2020-04-15,MA,29970,102790,NA,3637,3637,973,NA,NA,NA,NA,B,4/15/2020 10:00,2020-04-15T10:00:00Z,04/15 06:00,1502,3637,2020-04-15T10:00:00Z,NA,NA,NA,NA,NA,NA,NA,NA,NA,NA,NA,NA,NA,NA,NA,NA,NA,NA,25,1861,3970,132760,132760,5831,132760,173,21,be036619ec55d28e1de92510d2a028ba8b88b74a,0,0,0,0,0,NA,NA,NA,NA,1896.857142857143,NA,126.71428571428571,NA,NA,NA,0.46669612283221107,NA,1.0724299065420562,NA,NA,NA
2020-04-16,MA,32492,110098,NA,3726,3726,973,NA,NA,NA,NA,B,4/16/2020 10:00,2020-04-16T10:00:00Z,04/16 06:00,1667,3726,2020-04-16T10:00:00Z,NA,NA,NA,NA,NA,NA,NA,NA,NA,NA,NA,NA,NA,NA,NA,NA,NA,NA,25,2522,7308,142590,142590,9830,142590,165,89,19e420c1f236cc5613aa48791a7538e7e1f07355,0,0,0,0,0,NA,NA,NA,NA,1949.857142857143,NA,134.57142857142858,NA,NA,NA,0.3681836407377699,NA,0.8991935483870961,NA,NA,NA
2020-04-17,MA,35125,117195,NA,3756,3756,987,NA,NA,NA,NA,B,4/16/2020 10:00,2020-04-16T10:00:00Z,04/16 06:00,1822,3756,2020-04-16T10:00:00Z,NA,NA,NA,NA,NA,NA,NA,NA,NA,NA,NA,NA,NA,NA,NA,NA,NA,NA,25,2633,7097,152320,152320,9730,152320,155,30,60b6f4e885fd46a8dd85a9c6536a421b11bf6188,0,0,0,0,0,NA,NA,NA,NA,2035.2857142857142,NA,141.42857142857142,NA,NA,NA,0.34723404255319146,NA,0.7460317460317454,NA,NA,NA
2020-04-18,MA,37527,124604,NA,3728,3728,987,NA,NA,NA,NA,B,4/17/2020 16:00,2020-04-17T16:00:00Z,04/17 12:00,1983,3728,2020-04-17T16:00:00Z,NA,NA,NA,NA,NA,NA,NA,NA,NA,NA,NA,NA,NA,NA,NA,NA,NA,NA,25,2402,7409,162131,162131,9811,162131,161,-28,3f73e447f0013910682fc0f467f8d9c0cd5add9b,0,0,0,0,0,NA,NA,NA,NA,2108.714285714286,NA,148.14285714285714,NA,NA,NA,0.32635456914367933,NA,0.6152647975077885,NA,NA,NA
2020-04-19,MA,39820,129295,NA,3789,3789,987,NA,NA,NA,NA,B,4/19/2020 16:00,2020-04-19T16:00:00Z,04/19 12:00,2146,3789,2020-04-19T16:00:00Z,NA,NA,NA,NA,NA,NA,NA,NA,NA,NA,NA,NA,NA,NA,NA,NA,NA,NA,25,2293,4691,169115,169115,6984,169115,163,61,ae603cd81cafd11c1972b094b8ad57dee5a60a87,0,0,0,0,0,NA,NA,NA,NA,2062.714285714286,NA,155.71428571428572,NA,NA,NA,0.11248940596347978,NA,0.5889212827988328,NA,NA,NA
2020-04-20,MA,41416,136046,NA,3872,3872,987,NA,NA,NA,NA,B,4/19/2020 16:00,2020-04-19T16:00:00Z,04/19 12:00,2303,3872,2020-04-19T16:00:00Z,NA,NA,NA,NA,NA,NA,NA,NA,NA,NA,NA,NA,NA,NA,NA,NA,NA,NA,25,1596,6751,177462,177462,8347,177462,157,83,572e9f3b9786e0def2131fbb31a09d626c89bd40,0,0,0,0,0,NA,NA,NA,NA,2088.8571428571427,NA,156,NA,NA,NA,0.12003063960168547,NA,0.43119266055045924,NA,NA,NA
2020-04-21,MA,43168,141444,NA,3977,4009,1040,NA,NA,NA,NA,B,4/21/2020 16:00,2020-04-21T16:00:00Z,04/21 12:00,2449,4009,2020-04-21T16:00:00Z,NA,NA,NA,NA,NA,NA,NA,NA,NA,NA,NA,NA,NA,NA,NA,NA,NA,NA,25,1752,5398,184612,184612,7150,184612,146,137,f939c7f8393b52c60652dee32573a109e8e1cec7,0,0,0,0,0,NA,NA,NA,NA,2151.285714285714,NA,160,990.5714285714286,NA,NA,0.15793925413302556,NA,0.37592137592137487,NA,NA,NA
2020-04-22,MA,44913,144789,NA,3890,4256,1050,NA,NA,NA,NA,B,4/22/2020 16:00,2020-04-22T16:00:00Z,04/22 12:00,2597,4256,2020-04-22T16:00:00Z,NA,NA,NA,NA,NA,NA,NA,NA,NA,NA,NA,NA,NA,NA,NA,NA,NA,NA,25,1745,3345,189702,189702,5090,189702,148,247,5009384c14cb9780adfed615d4d52dab9cfe2d8d,0,0,0,0,0,NA,NA,NA,NA,2134.714285714286,NA,156.42857142857142,1001.5714285714286,NA,NA,0.1253953908721186,NA,0.23449830890642676,NA,NA,NA
2020-04-23,MA,47992,156324,NA,3851,4493,1034,NA,NA,NA,NA,B,4/22/2020 16:00,2020-04-22T16:00:00Z,04/22 12:00,2769,4493,2020-04-22T16:00:00Z,NA,NA,NA,NA,NA,NA,NA,NA,NA,NA,NA,NA,NA,NA,NA,NA,NA,NA,25,3079,11535,204316,204316,14614,204316,172,237,70fdaf48214ba06b82ccafc7d10d7c96cf955ba4,0,0,0,0,0,NA,NA,NA,NA,2214.285714285714,NA,157.42857142857142,1010.2857142857143,NA,NA,0.13561433072019913,NA,0.16985138004246325,NA,NA,NA
2020-04-24,MA,50969,164244,NA,3847,4752,1034,NA,NA,NA,NA,B,4/24/2020 12:00,2020-04-24T12:00:00Z,04/24 08:00,2877,4752,2020-04-24T12:00:00Z,NA,NA,NA,NA,NA,NA,NA,NA,NA,NA,NA,NA,NA,NA,NA,NA,NA,NA,25,2977,7920,215213,215213,10897,215213,108,259,4cd469edc009422b7453ed0cfaf79758d208f981,0,0,0,0,0,NA,NA,NA,NA,2263.4285714285716,NA,150.71428571428572,1017,NA,NA,0.11209377412788668,NA,0.06565656565656597,NA,NA,NA
2020-04-25,MA,53348,173497,NA,3879,4965,1058,NA,NA,NA,NA,B,4/25/2020 16:00,2020-04-25T16:00:00Z,04/25 12:00,2877,4965,2020-04-25T16:00:00Z,NA,NA,NA,NA,NA,NA,NA,NA,NA,NA,NA,NA,NA,NA,NA,NA,NA,NA,25,2379,9253,226845,226845,11632,226845,0,213,d21130ae9b7c60ad66a23b3d2803649693702cc5,0,0,0,0,0,NA,NA,NA,NA,2260.1428571428573,NA,127.71428571428571,1027.142857142857,NA,NA,0.07181085292324352,NA,-0.1378977820636449,NA,NA,NA
2020-04-26,MA,54938,181162,NA,3879,5104,1077,NA,NA,NA,NA,B,4/26/2020 16:00,2020-04-26T16:00:00Z,04/26 12:00,2899,5104,2020-04-26T16:00:00Z,NA,NA,NA,NA,NA,NA,NA,NA,NA,NA,NA,NA,NA,NA,NA,NA,NA,NA,25,1590,7665,236100,236100,9255,236100,22,139,56130006f9ca310330ad52bbdc07b3aab4bae548,0,0,0,0,0,NA,NA,NA,NA,2159.714285714286,NA,107.57142857142857,1040,NA,NA,0.04702541727266407,NA,-0.3091743119266055,NA,NA,NA
2020-04-27,MA,56462,188425,NA,3892,5237,1089,NA,NA,NA,NA,B,4/27/2020 16:00,2020-04-27T16:00:00Z,04/27 12:00,3003,5237,2020-04-27T16:00:00Z,NA,NA,NA,NA,NA,NA,NA,NA,NA,NA,NA,NA,NA,NA,NA,NA,NA,NA,25,1524,7263,244887,244887,8787,244887,104,133,cf3203f16628261e3be099be15570260a063feb5,0,0,0,0,0,NA,NA,NA,NA,2149.4285714285716,NA,100,1054.5714285714287,NA,NA,0.02899740117630989,NA,-0.3589743589743587,NA,NA,NA
2020-04-28,MA,58302,196198,NA,3875,5515,1005,NA,NA,NA,NA,B,4/28/2020 16:00,2020-04-28T16:00:00Z,04/28 12:00,3153,5515,2020-04-28T16:00:00Z,NA,NA,NA,NA,NA,NA,NA,NA,NA,NA,NA,NA,NA,NA,NA,NA,NA,NA,25,1840,7773,254500,254500,9613,254500,150,278,b30c1749e997fc51e93fc2b9099f479d33dffeca,0,0,0,0,0,NA,NA,NA,NA,2162,NA,100.57142857142857,1049.5714285714287,NA,NA,0.004980410385815981,NA,-0.37142857142857144,0.0595615806172487,NA,NA
2020-04-29,MA,60265,205353,NA,3856,5758,1011,NA,NA,NA,NA,A,4/29/2020 16:00,2020-04-29T16:00:00Z,04/29 12:00,3405,5758,2020-04-29T16:00:00Z,NA,NA,NA,60265,NA,NA,NA,NA,NA,NA,NA,NA,NA,NA,NA,NA,NA,NA,25,1963,9155,265618,265618,11118,265618,252,243,79fe60ed2af46bdd3d18255429021552a5a311d0,0,0,0,0,0,NA,NA,NA,NA,2193.1428571428573,NA,115.42857142857143,1044,NA,NA,0.02737067523255088,NA,-0.26210045662100445,0.0423620025673932,NA,NA
2020-04-30,MA,62205,213442,NA,3803,5942,1001,NA,NA,NA,NA,A,4/30/2020 16:00,2020-04-30T16:00:00Z,04/30 12:00,3562,5942,2020-04-30T16:00:00Z,NA,NA,NA,62205,NA,NA,NA,NA,NA,NA,NA,NA,NA,NA,NA,NA,NA,NA,25,1940,8089,275647,275647,10029,275647,157,184,ee957a666f6fcbe9545c438bfacc4c87418b5ae0,0,0,0,0,0,NA,NA,NA,1940,2030.4285714285713,NA,113.28571428571429,1039.2857142857142,NA,NA,-0.08303225806451608,NA,-0.2803992740471869,0.028704751131221284,NA,NA
2020-05-01,MA,64311,225325,NA,3716,6169,947,NA,NA,NA,NA,A,5/1/2020 12:00,2020-05-01T12:00:00Z,05/01 08:00,3716,6169,2020-05-01T12:00:00Z,NA,NA,NA,64311,NA,NA,NA,NA,NA,NA,NA,NA,NA,NA,NA,NA,NA,NA,25,2106,11883,289636,289636,13989,289636,154,227,05cf0f44fa40a25d4c67ccd901a6bace0f801553,0,0,0,0,0,NA,NA,NA,2106,1906,NA,119.85714285714286,1026.857142857143,NA,NA,-0.15791466801312792,NA,-0.20473933649289078,0.009692372524231274,NA,NA
2020-05-02,MA,66263,232731,NA,3601,6378,921,NA,NA,NA,NA,A,5/2/2020 12:00,2020-05-02T12:00:00Z,05/02 08:00,3846,6378,2020-05-02T12:00:00Z,NA,NA,NA,66263,NA,NA,NA,NA,NA,NA,NA,NA,NA,NA,NA,NA,NA,NA,25,1952,7406,298994,298994,9358,298994,130,209,8672d3a7e36c754ddc29345000c2909a30a2b305,0,0,0,0,0,NA,NA,NA,1952,1845,NA,138.42857142857142,1007.2857142857143,NA,NA,-0.1836799190948738,NA,0.08389261744966414,-0.019332406119611067,NA,NA
2020-05-03,MA,68087,246559,NA,3617,6507,904,NA,NA,NA,NA,A,5/3/2020 16:00,2020-05-03T16:00:00Z,05/03 12:00,4004,6507,2020-05-03T16:00:00Z,NA,NA,NA,68087,4004,NA,NA,NA,NA,NA,NA,NA,NA,NA,NA,NA,NA,NA,25,1824,13828,314646,314646,15652,314646,158,129,869065b54116d764f227305e7d6d833facc5a25d,0,0,0,0,0,NA,NA,NA,1824,1878.4285714285713,NA,157.85714285714286,982.5714285714286,NA,NA,-0.13024209551527988,NA,0.46746347941567046,-0.055219780219780246,NA,NA
2020-05-04,MA,69087,255181,NA,3539,6622,908,NA,NA,NA,NA,A,5/4/2020 12:00,2020-05-04T12:00:00Z,05/04 08:00,4090,6622,2020-05-04T12:00:00Z,NA,NA,NA,69087,4090,NA,NA,NA,NA,NA,NA,NA,NA,NA,NA,NA,NA,NA,25,1000,8622,324268,324268,9622,324268,86,115,aee37099e587c6f50b7e1bf005e64d6a7e0ccc64,0,0,0,0,0,NA,86,NA,1000,1803.5714285714287,NA,155.28571428571428,956.7142857142857,NA,NA,-0.1609065532367403,NA,0.5528571428571423,-0.09279328095367123,NA,NA
2020-05-05,MA,70271,263078,NA,3542,6831,914,NA,NA,NA,NA,A,5/5/2020 12:00,2020-05-05T12:00:00Z,05/05 08:00,4212,6831,2020-05-05T12:00:00Z,NA,NA,NA,70271,4212,NA,NA,NA,NA,NA,NA,NA,NA,NA,NA,NA,NA,NA,25,1184,7897,333349,333349,9081,333349,122,209,4561dbc0b17b34eec7f2476454aeb571b065cb5c,0,0,0,0,0,NA,122,NA,1184,1709.857142857143,NA,151.28571428571428,943.7142857142857,NA,NA,-0.20913175631029457,NA,0.5042613636363642,-0.1008574928542263,NA,NA
2020-05-06,MA,72025,267614,NA,3564,7080,922,NA,NA,NA,NA,A,5/6/2020 12:00,2020-05-06T12:00:00Z,05/06 08:00,4420,7080,2020-05-06T12:00:00Z,NA,NA,NA,72025,4420,NA,NA,NA,NA,NA,NA,NA,NA,NA,NA,NA,NA,NA,25,1754,4536,339639,339639,6290,339639,208,249,099499db25ae6c9901e80b7f0f41194b4cb64635,0,0,0,0,0,NA,208,NA,1754,1680,1680,145,931,NA,NA,-0.23397602918186566,NA,0.2561881188118804,-0.10823754789271989,NA,NA
2020-05-07,MA,73721,277911,NA,3436,7237,852,NA,NA,NA,NA,A,5/7/2020 12:00,2020-05-07T12:00:00Z,05/07 08:00,4552,7237,2020-05-07T12:00:00Z,NA,NA,NA,73721,4552,NA,NA,NA,NA,NA,NA,NA,NA,NA,NA,NA,NA,NA,25,1696,10297,351632,351632,11993,351632,132,157,3501e8e1131f47dd97a2ef5d79c36e7b3a5b6a8b,0,0,0,0,0,NA,132,NA,1696,1645.142857142857,1645.142857142857,141.42857142857142,909.7142857142857,NA,NA,-0.18975585731372635,NA,0.24842370744010034,-0.12467353951889981,NA,NA
2020-05-08,MA,75333,290690,NA,3349,7434,826,NA,NA,NA,NA,A,5/8/2020 10:00,2020-05-08T10:00:00Z,05/08 06:00,4702,7434,2020-05-08T10:00:00Z,NA,NA,NA,75333,4702,NA,NA,NA,NA,NA,NA,NA,NA,NA,NA,NA,NA,NA,25,1612,12779,366023,366023,14391,366023,150,197,00ba26122de94b9dc3eb0dd53327e152c316b8e4,0,0,0,0,0,NA,150,NA,1612,1574.5714285714287,1574.5714285714287,140.85714285714286,892.4285714285714,NA,NA,-0.17388697346724624,NA,0.17520858164481434,-0.13091263216471882,NA,NA
2020-05-09,MA,76743,299794,NA,3229,7551,814,NA,NA,NA,NA,A,5/9/2020 12:00,2020-05-09T12:00:00Z,05/09 08:00,4840,7551,2020-05-09T12:00:00Z,NA,NA,NA,76743,4840,NA,NA,NA,NA,NA,NA,NA,NA,NA,NA,NA,NA,NA,25,1410,9104,376537,376537,10514,376537,138,117,7aa2162128d5e40bdcc7561e0d562bf12d6f42d6,0,0,0,0,0,NA,138,NA,1410,1497.142857142857,1497.142857142857,142,877.1428571428571,NA,NA,-0.1885404568331398,NA,0.02579979360165119,-0.1292015316976315,NA,NA
2020-05-10,MA,77793,310596,NA,3128,7617,810,NA,NA,NA,NA,A,5/10/2020 10:00,2020-05-10T10:00:00Z,05/10 06:00,4979,7617,2020-05-10T10:00:00Z,NA,NA,NA,77793,4979,NA,NA,NA,NA,NA,NA,NA,NA,NA,NA,NA,NA,NA,25,1050,10802,388389,388389,11852,388389,139,66,90b3af7b741b1b316c18e054dddc902feb43d130,0,0,0,0,0,NA,139,NA,1050,1386.5714285714287,1386.5714285714287,139.28571428571428,863.7142857142857,NA,139.28571428571428,-0.2618450072248838,NA,-0.1176470588235291,-0.12096539691770891,NA,NA
2020-05-11,MA,78462,316266,NA,3102,7732,813,NA,NA,NA,NA,A,5/11/2020 10:00,2020-05-11T10:00:00Z,05/11 06:00,5108,7732,2020-05-11T10:00:00Z,NA,NA,NA,78462,5108,NA,NA,NA,NA,NA,NA,NA,NA,NA,NA,NA,NA,NA,25,669,5670,394728,394728,6339,394728,129,115,2c26f3f52a44c3aaaf3975effcb7835e93f84cd4,0,0,0,0,0,NA,129,NA,669,1339.2857142857142,1339.2857142857142,145.42857142857142,850.1428571428571,NA,145.42857142857142,-0.2574257425742579,NA,-0.06347746090156425,-0.1113931611169181,NA,NA
2020-05-12,MA,79332,322164,NA,3127,7842,818,NA,NA,NA,NA,A+,5/12/2020 10:00,2020-05-12T10:00:00Z,05/12 06:00,5141,7842,2020-05-12T10:00:00Z,NA,NA,NA,79332,5141,NA,NA,NA,NA,NA,NA,NA,NA,NA,NA,NA,NA,NA,25,870,5898,401496,401496,6768,401496,33,110,eee7c7eb2b2764dd7fb8ca91e861d053e5f4b666,0,0,0,0,0,NA,33,NA,870,1294.4285714285713,1294.4285714285713,132.71428571428572,836.4285714285714,NA,132.71428571428572,-0.24296098253822407,NA,-0.1227573182247399,-0.11368452921586458,NA,NA
2020-05-13,MA,80497,329535,NA,3101,8032,794,NA,NA,NA,NA,A+,5/13/2020 10:00,2020-05-13T10:00:00Z,05/13 06:00,5315,8032,2020-05-13T10:00:00Z,NA,NA,NA,80497,5315,NA,NA,401496,NA,NA,NA,NA,NA,NA,NA,NA,NA,NA,25,1165,7371,410032,410032,8536,410032,174,190,a48b245b12791731a24b6d597731eb80a24421df,0,0,0,0,0,NA,174,NA,1165,1210.2857142857142,1210.2857142857142,127.85714285714286,818.1428571428571,NA,127.85714285714286,-0.2795918367346938,-0.2795918367346938,-0.11822660098522153,-0.1212214208991872,NA,NA
2020-05-14,MA,82182,342179,NA,2859,8207,781,NA,NA,NA,NA,A+,5/13/2020 10:00,2020-05-13T10:00:00Z,05/13 06:00,5482,8207,2020-05-13T10:00:00Z,NA,NA,NA,82182,5382,NA,NA,410032,NA,NA,NA,NA,NA,NA,NA,NA,NA,NA,25,1685,12644,424361,424361,14329,424361,167,175,244bdbebe7f535b82f057066c8412087aeaa11ea,0,0,0,0,0,NA,67,NA,1685,1208.7142857142858,1208.7142857142858,132.85714285714286,808,NA,118.57142857142857,-0.26528308440430737,-0.26528308440430737,-0.06060606060606011,-0.11180904522613111,NA,NA
2020-05-15,MA,83421,352258,NA,2767,8314,749,NA,NA,NA,NA,A+,5/14/2020 10:00,2020-05-14T10:00:00Z,05/14 06:00,5592,8314,2020-05-14T10:00:00Z,NA,NA,NA,83421,5592,NA,NA,435679,NA,NA,NA,NA,NA,NA,NA,NA,NA,NA,25,1239,10079,435679,435679,11318,435679,110,107,875a96a6e3139d03e82bb37e6582c0879a957454,0,0,0,0,0,NA,210,NA,1239,1155.4285714285713,1155.4285714285713,127.14285714285714,797,NA,127.14285714285714,-0.26619488296134974,-0.26619488296134974,-0.09736308316430009,-0.10693132703697794,NA,NA
2020-05-16,MA,84933,363156,NA,2692,8456,747,NA,NA,NA,NA,A+,5/16/2020 10:00,2020-05-16T10:00:00Z,05/16 06:00,5705,8456,2020-05-16T10:00:00Z,NA,NA,NA,84933,5705,NA,NA,448089,NA,NA,NA,NA,NA,NA,NA,NA,NA,NA,25,1512,10898,448089,448089,12410,448089,113,142,c767e3c1ab150dcbb953e8c68f2883c372e76972,0,0,0,0,0,NA,113,NA,1512,1170,1170,123.57142857142857,787.4285714285714,NA,123.57142857142857,-0.21851145038167907,-0.21851145038167907,-0.12977867203219295,-0.10228013029315919,NA,NA
2020-05-17,MA,86010,374816,NA,2597,8539,702,NA,NA,NA,NA,A+,5/17/2020 10:00,2020-05-17T10:00:00Z,05/17 06:00,5797,8539,2020-05-17T10:00:00Z,NA,NA,NA,86010,5797,NA,NA,460826,NA,NA,NA,NA,NA,NA,NA,NA,NA,NA,25,1077,11660,460826,460826,12737,460826,92,83,1225d3eec351f296fc023962adec7b7aa75f8493,0,0,0,0,0,NA,92,NA,1077,1173.857142857143,1173.857142857143,116.85714285714286,772,NA,116.85714285714286,-0.15341026169379768,-0.15341026169379768,-0.16102564102564076,-0.10618590803837202,NA,-0.16102564102564076
2020-05-18,MA,87052,382147,NA,2533,8621,674,NA,NA,NA,NA,A+,5/17/2020 10:00,2020-05-17T10:00:00Z,05/17 06:00,5862,8621,2020-05-17T10:00:00Z,NA,NA,NA,87052,5862,NA,NA,469199,NA,NA,NA,NA,NA,NA,NA,NA,NA,NA,25,1042,7331,469199,469199,8373,469199,65,82,586ef9ecd4385a6c82d03c2d121bba32c3929bbe,0,0,0,0,0,NA,65,NA,1042,1227.142857142857,1227.142857142857,107.71428571428571,752.1428571428571,NA,107.71428571428571,-0.08373333333333355,-0.08373333333333355,-0.2593320235756382,-0.11527474374054747,NA,-0.2593320235756382
2020-05-19,MA,87925,389015,NA,2472,8766,672,NA,NA,NA,NA,A+,5/19/2020 10:00,2020-05-19T10:00:00Z,05/19 06:00,5938,8766,2020-05-19T10:00:00Z,NA,NA,NA,87925,5938,NA,NA,476940,NA,NA,NA,NA,NA,NA,NA,NA,NA,NA,25,873,6868,476940,476940,7741,476940,76,145,36160220079116bcc2021a67fdc7e2672b3ebb64,0,0,0,0,0,NA,76,NA,873,1227.5714285714287,1227.5714285714287,113.85714285714286,731.2857142857143,NA,113.85714285714286,-0.05164992826398829,-0.05164992826398829,-0.14208826695371402,-0.12570452604611404,NA,-0.14208826695371402
2020-05-20,MA,88970,400983,NA,2518,8897,675,NA,NA,NA,NA,A,5/20/2020 10:00,2020-05-20T10:00:00Z,05/20 06:00,6066,8897,2020-05-20T10:00:00Z,NA,NA,NA,88970,6066,NA,NA,489953,NA,NA,NA,NA,NA,NA,NA,NA,NA,NA,25,1045,11968,489953,489953,13013,489953,128,131,05a8ccec54348c254b198866db44e75da10f6b94,0,0,0,0,0,NA,128,NA,1045,1210.4285714285713,1210.4285714285713,107.28571428571429,714.2857142857143,NA,107.28571428571429,1.1803588290781875e-4,1.1803588290781875e-4,-0.16089385474860296,-0.12694255281997546,NA,-0.16089385474860296
2020-05-21,MA,90084,411402,NA,2396,9040,647,NA,NA,NA,NA,A,5/21/2020 10:00,2020-05-21T10:00:00Z,05/21 06:00,6148,9040,2020-05-21T10:00:00Z,NA,NA,NA,90084,6148,NA,NA,501486,NA,NA,NA,NA,NA,NA,NA,NA,NA,NA,25,1114,10419,501486,501486,11533,501486,82,143,ebd57eb184970d9178ecc089d6b9d3a0c16b2fb9,0,0,0,0,0,NA,82,NA,1114,1128.857142857143,1128.857142857143,95.14285714285714,695.1428571428571,NA,109.42857142857143,-0.06606784068077065,-0.06606784068077065,-0.28387096774193576,-0.13967468175388964,NA,-0.07710843373494047
2020-05-22,MA,90889,420755,NA,2323,9162,628,NA,NA,NA,NA,A,5/22/2020 10:00,2020-05-22T10:00:00Z,05/22 06:00,6228,9162,2020-05-22T10:00:00Z,NA,NA,NA,90889,6228,NA,NA,511644,NA,NA,NA,NA,NA,NA,NA,NA,NA,NA,25,805,9353,511644,511644,10158,511644,80,122,b226a7a25b2f877084b71caa1f8b9032e150309c,0,0,0,0,0,NA,80,NA,805,1066.857142857143,1066.857142857143,90.85714285714286,677.8571428571429,NA,90.85714285714286,-0.0766567754698323,-0.0766567754698323,-0.28539325842696617,-0.1494891557626814,NA,-0.28539325842696617
2020-05-23,MA,91662,429324,NA,2237,9260,610,NA,NA,NA,NA,A,5/23/2020 10:00,2020-05-23T10:00:00Z,05/23 06:00,6304,9260,2020-05-23T10:00:00Z,NA,NA,NA,91662,6304,NA,NA,520986,NA,NA,NA,NA,NA,NA,NA,NA,NA,NA,25,773,8569,520986,520986,9342,520986,76,98,f3e636abd5b2fa53cd5ab825b229b4f2f1b06e11,0,0,0,0,0,NA,76,NA,773,961.2857142857143,961.2857142857143,85.57142857142857,658.2857142857143,NA,85.57142857142857,-0.17838827838827886,-0.17838827838827886,-0.3075144508670524,-0.16400580551523936,NA,-0.3075144508670524
2020-05-24,MA,92675,439698,NA,2169,9308,558,NA,NA,NA,NA,A,5/24/2020 10:00,2020-05-24T10:00:00Z,05/24 06:00,6372,9308,2020-05-24T10:00:00Z,NA,NA,NA,92675,6372,NA,NA,532373,NA,NA,NA,NA,NA,NA,NA,NA,NA,NA,25,1013,10374,532373,532373,11387,532373,68,48,fd67ef23d11805e4600a9c8d2c051609067b28d4,0,0,0,0,0,NA,68,NA,1013,952.1428571428571,952.1428571428571,82.14285714285714,637.7142857142857,NA,82.14285714285714,-0.18887671899720138,-0.18887671899720138,-0.2970660146699269,-0.17394522575869753,NA,-0.2970660146699269
2020-05-25,MA,93271,447290,NA,2132,9339,576,NA,NA,NA,NA,A,5/25/2020 10:00,2020-05-25T10:00:00Z,05/25 06:00,6416,9339,2020-05-25T10:00:00Z,NA,NA,NA,93271,6416,NA,NA,540561,NA,NA,NA,NA,NA,NA,NA,NA,NA,NA,25,596,7592,540561,540561,8188,540561,44,31,8bde2c3e69be75720cd2b2ca837905b0993ec379,0,0,0,0,0,NA,44,NA,596,888.4285714285714,888.4285714285714,79.14285714285714,623.7142857142857,NA,79.14285714285714,-0.27601862630966223,-0.27601862630966223,-0.26525198938992045,-0.17075023741690432,NA,-0.26525198938992045
2020-05-26,MA,93693,451788,NA,2108,9388,560,NA,NA,NA,NA,A,5/26/2020 10:00,2020-05-26T10:00:00Z,05/26 06:00,6473,9388,2020-05-26T10:00:00Z,NA,NA,NA,93693,6473,NA,NA,545481,NA,NA,NA,NA,NA,NA,NA,NA,NA,NA,25,422,4498,545481,545481,4920,545481,57,49,a6fa3019776849f1633338e53aaa041b687ef25e,0,0,0,0,0,NA,57,NA,422,824,824,76.42857142857143,607.7142857142857,NA,76.42857142857143,-0.3287559641568716,-0.3287559641568716,-0.3287327478042663,-0.16897831607735891,NA,-0.3287327478042663
2020-05-27,MA,94220,457924,NA,2106,9492,556,NA,NA,NA,NA,A,5/27/2020 10:00,2020-05-27T10:00:00Z,05/27 06:00,6547,9492,2020-05-27T10:00:00Z,NA,NA,NA,93693,6473,NA,NA,545481,NA,NA,NA,NA,NA,NA,NA,NA,NA,NA,25,527,6136,552144,552144,6663,552144,74,104,7de690e60c98fe94fd4fc667dc841a822645d43c,0,0,0,0,0,NA,0,NA,0,750,674.7142857142857,68.71428571428571,590.7142857142857,NA,58.142857142857146,-0.3803847515637907,-0.44258232031157796,-0.3595206391478033,-0.17299999999999993,NA,-0.4580559254327564
2020-05-28,MA,94895,467428,NA,2112,9618,529,NA,NA,NA,78108,A,5/28/2020 10:00,2020-05-28T10:00:00Z,05/28 06:00,6640,9618,2020-05-28T10:00:00Z,NA,NA,NA,94895,6640,NA,NA,562323,NA,NA,NA,NA,NA,NA,NA,NA,NA,NA,25,675,9504,562323,562323,10179,562323,93,126,cb82bffe45c218e4d62732c6adcf23cdef9a3802,0,0,0,0,0,NA,167,NA,1202,687.2857142857143,687.2857142857143,70.28571428571429,573.8571428571429,NA,70.28571428571429,-0.39116679321690695,-0.39116679321690695,-0.2612612612612609,-0.17447595561035745,NA,-0.35770234986945115
2020-05-29,MA,95512,476233,NA,1991,9725,485,NA,NA,NA,78108,A,5/29/2020 16:00,2020-05-29T16:00:00Z,05/29 12:00,6718,9725,2020-05-29T16:00:00Z,NA,NA,NA,95512,6718,NA,NA,571745,NA,NA,NA,NA,NA,NA,NA,NA,NA,NA,25,617,8805,571745,571745,9422,571745,78,107,f06a20d798189715d9eb444f340ae155e798b7a8,0,0,0,0,0,NA,78,NA,617,660.4285714285714,660.4285714285714,70,553.4285714285714,NA,70,-0.38095875736475626,-0.38095875736475626,-0.22955974842767268,-0.18356164383561624,NA,-0.22955974842767268
2020-05-30,MA,96301,486218,NA,1904,9789,453,NA,NA,NA,78108,A,5/30/2020 10:00,2020-05-30T10:00:00Z,05/30 06:00,6768,9789,2020-05-30T10:00:00Z,NA,NA,NA,96301,6768,NA,NA,582519,NA,NA,NA,NA,NA,NA,NA,NA,NA,NA,25,789,9985,582519,582519,10774,582519,50,64,f75dcccf29c3802a5f690af28d4b05f4a94e8831,0,0,0,0,0,NA,50,NA,789,662.7142857142857,662.7142857142857,66.28571428571429,531,NA,66.28571428571429,-0.3105959280725221,-0.3105959280725221,-0.22537562604340555,-0.19335937500000033,NA,-0.22537562604340555
2020-05-31,MA,96965,495888,NA,1824,9823,436,NA,NA,NA,78108,A,5/31/2020 10:00,2020-05-31T10:00:00Z,05/31 06:00,6846,9823,2020-05-31T10:00:00Z,NA,NA,NA,96965,6846,NA,NA,592853,NA,NA,NA,NA,NA,NA,NA,NA,NA,NA,25,664,9670,592853,592853,10334,592853,78,34,6f384d9d93dd501cff8204c323d7ffaef5dbace7,0,0,0,0,0,NA,78,NA,664,612.8571428571429,612.8571428571429,67.71428571428571,513.5714285714286,NA,67.71428571428571,-0.35633908477119247,-0.35633908477119247,-0.17565217391304333,-0.19466845878136174,NA,-0.17565217391304333
2020-06-01,MA,100805,502628,NA,1747,9952,404,NA,289,NA,78108,A,5/31/2020 10:00,2020-05-31T10:00:00Z,05/31 06:00,7035,9952,2020-05-31T10:00:00Z,NA,NA,NA,97291,6894,141,NA,599919,NA,NA,NA,NA,NA,NA,NA,NA,NA,NA,25,3840,6740,603433,603433,10580,603433,189,129,f8139a04c788dc0f43d94d3da34d13aad38cfe70,0,0,0,0,0,NA,48,NA,326,1076.2857142857142,574.2857142857143,88.42857142857143,489,NA,68.28571428571429,0.21144878597845285,-0.3535938253738542,0.11732851985559556,-0.21598717361429176,NA,-0.13718411552346543
2020-06-02,MA,101163,508232,NA,1657,10063,394,NA,269,NA,78108,A+,6/2/2020 10:00,2020-06-02T10:00:00Z,06/02 06:00,7085,10063,2020-06-02T10:00:00Z,NA,NA,NA,97539,6944,141,NA,605771,NA,NA,NA,46565,NA,NA,NA,NA,NA,NA,25,358,5604,609395,609395,5962,609395,50,111,10560617f7507df5253a490320c48264766a0900,0,0,0,0,0,NA,50,NA,248,1067.142857142857,549.4285714285714,87.42857142857143,465.2857142857143,NA,67.28571428571429,0.29507628294036037,-0.3332177531206659,0.1439252336448602,-0.23436765397273174,NA,-0.11962616822429883
2020-06-03,MA,101592,516169,NA,1684,10151,393,NA,263,NA,78108,A+,6/3/2020 10:00,2020-06-03T10:00:00Z,06/03 06:00,7152,10151,2020-06-03T10:00:00Z,NA,NA,NA,97964,7012,140,NA,614133,NA,NA,NA,47414,NA,NA,NA,NA,NA,NA,25,429,7937,617761,617761,8366,617761,67,88,729a8ab4fd802fa2043093c58df534e58d79aa39,0,0,0,0,0,NA,68,NA,425,1053.142857142857,610.1428571428571,86.42857142857143,442,NA,77,0.404190476190476,-0.0957018843955112,0.2577962577962585,-0.25175332527206773,NA,0.32432432432432434
2020-06-04,MA,102063,522872,NA,1637,10238,401,NA,249,NA,84621,A+,6/4/2020 10:00,2020-06-04T10:00:00Z,06/04 06:00,7201,10238,2020-06-04T10:00:00Z,NA,NA,NA,98376,7062,139,NA,621248,NA,NA,NA,48436,NA,NA,NA,NA,NA,NA,25,471,6703,624935,624935,7174,624935,49,87,ceb9fe80db47642300fdf6d92208c66b2be21b31,0,0,0,0,0,NA,50,NA,412,1024,497.2857142857143,80.14285714285714,423.7142857142857,NA,60.285714285714285,0.4899189357721887,-0.27644980253585505,0.1402439024390243,-0.26163803833706756,NA,-0.14227642276422803
2020-06-05,MA,102557,532212,NA,1533,10303,350,NA,238,NA,84621,A+,6/5/2020 10:00,2020-06-05T10:00:00Z,06/05 06:00,7235,10303,2020-06-05T10:00:00Z,NA,NA,NA,98796,7097,138,NA,631008,NA,NA,NA,49556,NA,NA,NA,NA,NA,NA,25,494,9340,634769,634769,9834,634769,34,65,a539c1385211ac796a94b2fc41ddd5132dd97c12,0,0,0,0,0,NA,35,NA,420,1006.4285714285714,469.14285714285717,73.85714285714286,404.42857142857144,NA,54.142857142857146,0.5239022279904821,-0.2896387627081983,0.05510204081632586,-0.2692307692307697,NA,-0.226530612244898
2020-06-06,MA,103132,541507,NA,1529,10369,359,NA,238,NA,84621,A+,6/6/2020 10:00,2020-06-06T10:00:00Z,06/06 06:00,7289,10369,2020-06-06T10:00:00Z,NA,NA,NA,99301,7152,137,NA,640808,NA,NA,NA,50575,NA,NA,NA,NA,NA,NA,25,575,9295,644639,644639,9870,644639,54,66,e446e79a58a9769ea2622be8b964400dd75ab59f,0,0,0,0,0,NA,55,NA,505,975.8571428571429,428.57142857142856,74.42857142857143,391,NA,54.857142857142854,0.4725156283681835,-0.35330890278077154,0.12284482758620685,-0.263653483992467,NA,-0.1724137931034483
2020-06-07,MA,103436,549054,NA,1442,10393,335,NA,221,NA,84621,A+,6/7/2020 10:00,2020-06-07T10:00:00Z,06/07 06:00,7316,10393,2020-06-07T10:00:00Z,NA,NA,NA,99562,7179,137,NA,648616,NA,NA,NA,51146,NA,NA,NA,NA,NA,NA,25,304,7547,652490,652490,7851,652490,27,24,e740fdc0e44549596e720fef298ddebc012e209d,0,0,0,0,0,NA,27,NA,261,924.4285714285714,371,67.14285714285714,376.57142857142856,252.42857142857142,47.57142857142857,0.508391608391608,-0.39463869463869483,-0.008438818565401185,-0.26675938803894317,NA,-0.29746835443038
2020-06-08,MA,103626,553643,NA,1415,10425,322,NA,209,NA,84621,A+,6/8/2020 10:00,2020-06-08T10:00:00Z,06/08 06:00,7353,10425,2020-06-08T10:00:00Z,NA,NA,NA,99755,7217,136,NA,653398,NA,NA,NA,51404,NA,NA,NA,NA,NA,NA,25,190,4589,657269,657269,4779,657269,37,32,9d8f9a579751d46b532ab4bc21682a4dc80eae8c,0,0,0,0,0,NA,38,NA,193,403,352,45.42857142857143,364.85714285714283,241,46.142857142857146,-0.6255641093708522,-0.3870646766169157,-0.4862681744749596,-0.2538708735027756,NA,-0.32426778242677834
2020-06-09,MA,103889,558103,NA,1397,10507,315,NA,202,NA,84621,A+,6/9/2020 10:00,2020-06-09T10:00:00Z,06/09 06:00,7408,10507,2020-06-09T10:00:00Z,NA,NA,NA,99955,7255,153,NA,658058,NA,NA,NA,52144,NA,NA,NA,NA,NA,NA,25,263,4460,661992,661992,4723,661992,55,82,93d036375af60a4da7ad2fcdd1f47818da57b94a,0,0,0,0,0,NA,38,NA,200,389.42857142857144,345.14285714285717,46.142857142857146,353.57142857142856,231.42857142857142,44.42857142857143,-0.6350736278447121,-0.37181487259490376,-0.4722222222222221,-0.24009824992324225,NA,-0.3397027600849255
2020-06-10,MA,104156,567934,NA,1345,10582,319,NA,200,NA,84621,A+,6/10/2020 10:00,2020-06-10T10:00:00Z,06/10 06:00,7454,10582,2020-06-10T10:00:00Z,NA,NA,NA,100158,7300,154,NA,668092,NA,NA,NA,53040,NA,NA,NA,NA,NA,NA,25,267,9831,672090,672090,10098,672090,46,75,83d73a1d70dc0c9efbf805fd0574047323e67fd0,0,0,0,0,0,NA,45,NA,203,366.2857142857143,313.42857142857144,43.142857142857146,343,222.42857142857142,41.142857142857146,-0.652197504069452,-0.48630297354249596,-0.5008264462809919,-0.22398190045248878,NA,-0.46567717996289437
2020-06-11,MA,104667,578421,NA,1260,10654,296,NA,181,NA,88725,A+,6/11/2020 10:00,2020-06-11T10:00:00Z,06/11 06:00,7492,10654,2020-06-11T10:00:00Z,NA,NA,NA,100504,7337,155,NA,678925,NA,NA,NA,54574,NA,NA,NA,NA,NA,NA,25,511,10487,683088,683088,10998,683088,38,72,f2b4c264840235138335f57f22c36a03415d2c8c,0,0,0,0,0,NA,37,NA,346,372,304,41.57142857142857,328,212.71428571428572,39.285714285714285,-0.6367187500000001,-0.38868141338695794,-0.4812834224598932,-0.22589345920431503,NA,-0.34834123222748836
2020-06-12,MA,105059,588300,NA,1143,10726,276,NA,170,NA,88725,A+,6/12/2020 10:00,2020-06-12T10:00:00Z,06/12 06:00,7538,10726,2020-06-12T10:00:00Z,NA,NA,NA,100811,7382,156,NA,689111,NA,NA,NA,55784,NA,NA,NA,NA,NA,NA,25,392,9879,693359,693359,10271,693359,46,72,c5222d5c8983a219d8c412296f50e39b286b13cb,0,0,0,0,0,NA,45,NA,307,357.42857142857144,287.85714285714283,43.285714285714285,317.42857142857144,203,40.714285714285715,-0.6448545067423702,-0.38641900121802686,-0.4139264990328819,-0.21511833274461278,NA,-0.2480211081794197
2020-06-13,MA,105395,598201,NA,1069,10772,249,NA,162,NA,88725,A+,6/13/2020 10:00,2020-06-13T10:00:00Z,06/13 06:00,7576,10772,2020-06-13T10:00:00Z,NA,NA,NA,101070,7420,156,NA,699271,NA,NA,NA,57048,NA,NA,NA,NA,NA,NA,25,336,9901,703596,703596,10237,703596,38,46,e12a0dabd52d26339a074f95914d599075e0cdbc,0,0,0,0,0,NA,38,NA,259,323.2857142857143,252.71428571428572,41,301.7142857142857,192.14285714285714,38.285714285714285,-0.6687161469770166,-0.41033333333333355,-0.4491362763915545,-0.22835221044939724,NA,-0.30208333333333315
2020-06-14,MA,105603,607107,NA,1039,10802,244,NA,156,NA,88725,A+,6/14/2020 10:00,2020-06-14T10:00:00Z,06/14 06:00,7624,10802,2020-06-14T10:00:00Z,NA,NA,NA,101276,7467,157,NA,708383,NA,NA,NA,57582,NA,NA,NA,NA,NA,NA,25,208,8906,712710,712710,9114,712710,48,30,75cd86203b3ad3f5cebc7245fd3e6e317ccc21ff,0,0,0,0,0,NA,47,NA,206,309.57142857142856,244.85714285714286,44,288.7142857142857,182.85714285714286,41.142857142857146,-0.6651213104620615,-0.34000770119368484,-0.34468085106382984,-0.23330804248861903,-0.2756083757781552,-0.1351351351351351
2020-06-15,MA,105690,611541,NA,1026,10817,253,NA,167,NA,88725,A+,6/15/2020 16:00,2020-06-15T16:00:00Z,06/15 12:00,7647,10817,2020-06-15T16:00:00Z,NA,NA,NA,101334,7490,157,NA,712875,NA,NA,NA,57886,NA,NA,NA,NA,NA,NA,25,87,4434,717231,717231,4521,717231,23,15,fc671d07ab8c60e9df8088f15dcc27dd120b1b60,0,0,0,0,0,NA,23,NA,58,294.85714285714283,225.57142857142858,42,278.85714285714283,176.85714285714286,39,-0.268344558667139,-0.35917207792207795,-0.07547169811320742,-0.2357086922474554,-0.26615293420272657,-0.15479876160990735
2020-06-16,MA,105885,617762,NA,1045,10867,244,NA,151,NA,88725,A+,6/16/2020 10:00,2020-06-16T10:00:00Z,06/16 06:00,7665,10867,2020-06-16T10:00:00Z,903422,NA,NA,101474,7508,157,NA,719236,NA,NA,NA,58795,NA,NA,NA,NA,NA,NA,25,195,6221,723647,723647,6416,723647,18,50,8d23a5ceafd90a46fbb8acfb00e69af685e4244a,0,0,0,0,0,NA,18,NA,140,285.14285714285717,217,36.714285714285715,268.7142857142857,169.57142857142858,36.142857142857146,-0.2677916360968453,-0.3712748344370861,-0.20433436532507743,-0.23999999999999966,-0.2672839506172837,-0.18649517684887473
2020-06-17,MA,106151,625895,NA,998,10925,227,NA,135,NA,88725,A+,6/17/2020 10:00,2020-06-17T10:00:00Z,06/17 06:00,7734,10925,2020-06-17T10:00:00Z,914751,NA,NA,101654,7568,166,NA,727549,NA,NA,NA,59940,NA,NA,NA,NA,NA,NA,25,266,8133,732046,732046,8399,732046,69,58,fdfd26971464fdc73cf7600d0e28a3fe3be5f8ce,0,0,0,0,0,NA,60,11329,180,285,213.71428571428572,40,255.57142857142858,160.28571428571428,38.285714285714285,-0.22191887675506994,-0.31814038286235147,-0.07284768211920523,-0.2548937942523942,-0.2793834296724472,-0.06944444444444431
2020-06-18,MA,106422,634838,NA,968,10985,227,NA,125,NA,91404,A+,6/18/2020 10:00,2020-06-18T10:00:00Z,06/18 06:00,7770,10985,2020-06-18T10:00:00Z,926804,NA,NA,101853,7591,179,NA,736691,NA,NA,NA,61085,NA,NA,NA,NA,NA,NA,25,271,8943,741260,741260,9214,741260,36,60,976b7c217261d52b22abe5d47d9f64977201f6de,0,0,0,0,0,NA,23,12053,199,250.71428571428572,192.71428571428572,39.714285714285715,245.71428571428572,152.28571428571428,36.285714285714285,-0.32603686635944706,-0.3660714285714288,-0.04467353951890041,-0.2508710801393733,-0.28408327736736105,-0.0763636363636363
2020-06-19,MA,106650,644157,NA,994,11036,199,NA,124,NA,91404,A+,6/19/2020 10:00,2020-06-19T10:00:00Z,06/19 06:00,7800,11036,2020-06-19T10:00:00Z,939352,NA,NA,102005,7619,181,NA,746162,NA,NA,NA,62591,NA,NA,NA,NA,NA,NA,25,228,9319,750807,750807,9547,750807,30,51,9ebd54add691cb4bee82548c32e6d88af8e205d8,0,0,0,0,0,NA,28,12548,152,227.28571428571428,170.57142857142858,37.42857142857143,234.71428571428572,145.71428571428572,33.857142857142854,-0.3641087130295767,-0.40744416873449096,-0.13531353135313529,-0.2605760576057604,-0.2821956368754399,-0.16842105263157925
2020-06-20,MA,106936,658001,NA,964,11076,200,NA,118,NA,91404,A+,6/20/2020 10:00,2020-06-20T10:00:00Z,06/20 06:00,7828,11076,2020-06-20T10:00:00Z,956716,NA,NA,102228,7647,181,NA,760229,NA,NA,NA,63736,NA,NA,NA,NA,NA,NA,25,286,13844,764937,764937,14130,764937,28,40,e8f5257e4f497e6725c861fab83345c3092606fa,0,0,0,0,0,NA,28,17364,223,220.14285714285714,165.42857142857142,36,227.71428571428572,139.42857142857142,32.42857142857143,-0.31904551480335785,-0.34539287733182544,-0.12195121951219534,-0.24526515151515138,-0.2743494423791819,-0.15298507462686572
2020-06-21,MA,107061,666259,NA,927,11085,194,NA,111,NA,91404,A+,6/21/2020 10:00,2020-06-21T10:00:00Z,06/21 06:00,7858,11085,2020-06-21T10:00:00Z,966551,NA,NA,102333,7677,181,NA,768592,NA,NA,NA,64266,NA,NA,NA,NA,NA,NA,25,125,8258,773320,773320,8383,773320,30,9,24388a7ad078ba3ac5895208f8d9d8c3b506ace8,0,0,0,0,0,NA,30,9835,105,208.28571428571428,151,33.42857142857143,220.57142857142858,133,30,-0.3271804337794185,-0.38331388564760804,-0.24025974025974006,-0.2360217714002968,-0.27265624999999993,-0.27083333333333326
2020-06-22,MA,107210,672853,NA,920,11094,180,NA,107,NA,91404,A+,6/22/2020 10:00,2020-06-22T10:00:00Z,06/22 06:00,7874,11094,2020-06-22T10:00:00Z,975415,NA,NA,102469,7694,180,NA,775322,NA,NA,NA,64592,NA,NA,NA,NA,NA,NA,25,149,6594,780063,780063,6743,780063,16,9,e10aedba2248ca76cc19f945c239f2b6055e6515,0,0,0,0,0,NA,17,8864,136,217.14285714285714,162.14285714285714,32.42857142857143,210.14285714285714,124.42857142857143,29.142857142857142,-0.26356589147286813,-0.28119062697910036,-0.22789115646258506,-0.24641393442622894,-0.29644588045234255,-0.2527472527472526
2020-06-23,MA,107439,680203,NA,953,11157,181,NA,112,NA,91404,A+,6/23/2020 10:00,2020-06-23T10:00:00Z,06/23 06:00,7890,11157,2020-06-23T10:00:00Z,985711,NA,NA,102651,7710,180,NA,782854,NA,NA,NA,65313,NA,NA,NA,NA,NA,NA,25,229,7350,787642,787642,7579,787642,16,63,6db9a4384a42ab71a48291530c4db9c2beccba7c,0,0,0,0,0,NA,16,10296,182,222,168.14285714285714,32.142857142857146,201.14285714285714,118.85714285714286,28.857142857142858,-0.22144288577154336,-0.22514812376563575,-0.12451361867704269,-0.25146198830409405,-0.2990732940185342,-0.20158102766798403
2020-06-24,MA,107611,687461,NA,939,11219,181,NA,98,NA,91404,A+,6/24/2020 10:00,2020-06-24T10:00:00Z,06/24 06:00,7938,11219,2020-06-24T10:00:00Z,995705,NA,NA,102762,7752,186,NA,790223,NA,NA,NA,65845,NA,NA,NA,NA,NA,NA,25,172,7258,795072,795072,7430,795072,48,62,e97b8b4d94fedb288a6d4b74d7c17fd7ace63fab,0,0,0,0,0,NA,42,9994,111,208.57142857142858,158.28571428571428,29.142857142857142,194.57142857142858,113.57142857142857,26.285714285714285,-0.26817042606516306,-0.2593582887700536,-0.27142857142857135,-0.23868082727780937,-0.2914438502673794,-0.31343283582089554
2020-06-25,MA,107837,697619,NA,822,11252,174,NA,101,NA,93157,A+,6/25/2020 10:00,2020-06-25T10:00:00Z,06/25 06:00,7963,11252,2020-06-25T10:00:00Z,1009203,NA,NA,102922,7776,187,NA,800541,NA,NA,NA,66753,NA,NA,NA,NA,NA,NA,25,226,10158,805456,805456,10384,805456,25,33,5f4041caaed3b51ae3c63c93327a8e08c4cce28a,0,0,0,0,0,NA,24,13498,160,202.14285714285714,152.71428571428572,27.571428571428573,187,110.14285714285714,26.428571428571427,-0.1937321937321933,-0.2075611564121571,-0.30575539568345333,-0.23895348837209263,-0.27673545966228896,-0.2716535433070866
2020-06-26,MA,108070,706015,NA,791,11291,156,NA,99,NA,93157,A+,6/26/2020 10:00,2020-06-26T10:00:00Z,06/26 06:00,8013,11291,2020-06-26T10:00:00Z,1020867,NA,NA,103071,7815,198,NA,809086,NA,NA,NA,68259,NA,NA,NA,NA,NA,NA,25,233,8396,814085,814085,8629,814085,50,39,6c31553cafb2e24ab02edf199b1e0cc70462a12d,0,0,0,0,0,NA,39,11664,149,202.85714285714286,152.28571428571428,30.428571428571427,180.85714285714286,106.57142857142857,28,-0.10747957259585128,-0.10720268006700207,-0.18702290076335903,-0.22945830797321976,-0.26862745098039165,-0.17299578059071719
2020-06-27,MA,108443,717899,NA,769,11310,143,NA,90,NA,93157,A+,6/27/2020 10:00,2020-06-27T10:00:00Z,06/27 06:00,8041,11310,2020-06-27T10:00:00Z,1036832,NA,NA,103376,7841,200,NA,821275,NA,NA,NA,69826,NA,NA,NA,NA,NA,NA,25,373,11884,826342,826342,12257,826342,28,19,bcc31d743ce04df0dc005cd75cd7116b1efc22bd,0,0,0,0,0,NA,26,15965,305,215.28571428571428,164,30.428571428571427,172.71428571428572,102.57142857142857,27.714285714285715,-0.02206359506813782,-0.008635578583765069,-0.15476190476190488,-0.24153074027603538,-0.26434426229508245,-0.14537444933920718
2020-06-28,MA,108667,727127,NA,748,11319,134,NA,81,NA,93157,A+,6/28/2020 10:00,2020-06-28T10:00:00Z,06/28 06:00,8060,11319,2020-06-28T10:00:00Z,1048942,NA,NA,103539,7860,200,NA,830666,NA,NA,NA,70476,NA,NA,NA,NA,NA,NA,25,224,9228,835794,835794,9452,835794,19,9,a61343cb2404b2548adaa238433dc11e3dd6b1b7,0,0,0,0,0,NA,19,12110,163,229.42857142857142,172.28571428571428,28.857142857142858,164.14285714285714,98.28571428571429,26.142857142857142,0.10150891632373105,0.14096499526963124,-0.1367521367521367,-0.2558290155440417,-0.26100966702470474,-0.12857142857142878
2020-06-29,MA,108768,733519,NA,762,11345,138,NA,79,NA,93157,A+,6/29/2020 10:00,2020-06-29T10:00:00Z,06/29 06:00,8095,11345,2020-06-29T10:00:00Z,1057932,NA,NA,103628,7895,200,NA,837147,NA,NA,NA,70768,NA,NA,NA,NA,NA,NA,25,101,6392,842287,842287,6493,842287,35,26,d4449168d35d15bfa962d8ce0666e5db45453ebb,0,0,0,0,0,NA,35,8990,89,222.57142857142858,165.57142857142858,31.571428571428573,158.14285714285714,94.28571428571429,28.714285714285715,0.02499999999999969,0.021145374449338616,-0.026431718061674214,-0.24745071380013617,-0.2422502870264066,-0.014705882352941346
2020-06-30,MA,108882,739259,NA,733,11337,120,NA,63,NA,93157,A+,6/30/2020 10:00,2020-06-30T10:00:00Z,06/30 06:00,8054,11337,2020-06-30T10:00:00Z,1066060,NA,NA,103701,7874,180,NA,842960,NA,NA,NA,71686,NA,NA,NA,NA,NA,NA,25,114,5740,848141,848141,5854,848141,-41,-8,3d0f0bb65f78747efccb20db48c8cb8a9a86e36d,0,0,0,0,0,NA,-21,8128,73,206.14285714285714,150,23.428571428571427,149.42857142857142,87.28571428571429,23.428571428571427,-0.07142857142857129,-0.10790144435004234,-0.2711111111111115,-0.25710227272727226,-0.2656249999999999,-0.1881188118811885
2020-07-01,MA,109143,749292,NA,760,11352,123,NA,65,NA,93157,A+,7/1/2020 10:00,2020-07-01T10:00:00Z,07/01 06:00,8081,11352,2020-07-01T10:00:00Z,1079648,NA,NA,103858,7902,179,NA,853150,NA,NA,NA,72752,NA,NA,NA,NA,NA,NA,25,261,10033,858435,858435,10294,858435,27,15,554ef9e39cacb393ec890a05f97ebb8b88bb32bf,0,0,0,0,0,NA,28,13588,157,218.85714285714286,156.57142857142858,20.428571428571427,141.14285714285714,82.57142857142857,21.428571428571427,0.04931506849315048,-0.010830324909747113,-0.2990196078431373,-0.27459618208516834,-0.27295597484276723,-0.18478260869565222
2020-07-02,MA,109338,756920,NA,681,11392,113,NA,52,NA,93157,A+,7/2/2020 10:00,2020-07-02T10:00:00Z,07/02 06:00,8132,11392,2020-07-02T10:00:00Z,1090482,NA,NA,104016,7918,214,NA,860936,NA,NA,NA,73613,NA,NA,NA,NA,NA,NA,25,195,7628,866258,866258,7823,866258,51,40,1445bb00a8bd7bb01ac5f79862f171cadb18f04e,0,0,0,0,0,NA,16,10834,158,214.42857142857142,156.28571428571428,24.142857142857142,132.42857142857142,75.57142857142857,20.285714285714285,0.0607773851590101,0.023386342376052527,-0.12435233160621761,-0.29182582123758627,-0.31387808041504517,-0.2324324324324324
2020-07-03,MA,109628,768152,NA,656,11436,106,NA,55,NA,93157,A+,7/3/2020 16:00,2020-07-03T16:00:00Z,07/03 12:00,8149,11436,2020-07-03T16:00:00Z,1105013,NA,NA,104228,7935,214,NA,872380,NA,NA,NA,74598,NA,NA,NA,NA,NA,NA,25,290,11232,877780,877780,11522,877780,17,44,6225832ae9a8faf9b40eb1122acb5c374f74a549,0,0,0,0,0,NA,17,14531,212,222.57142857142858,165.28571428571428,19.428571428571427,125.28571428571429,69.28571428571429,17.142857142857142,0.09718309859154894,0.0853658536585371,-0.3615023474178404,-0.30726698262243324,-0.3498659517426276,-0.3877551020408162
2020-07-04,MA,109838,775929,NA,640,11461,107,NA,51,NA,93157,A+,7/4/2020 10:00,2020-07-04T10:00:00Z,07/04 06:00,8172,11461,2020-07-04T10:00:00Z,1116271,NA,NA,104391,7958,214,NA,880320,NA,NA,NA,75302,NA,NA,NA,NA,NA,NA,25,210,7777,885767,885767,7987,885767,23,25,9599bb54cbd2c1dd455a58c2409b2ef3d817bb14,0,0,0,0,0,NA,23,11258,163,199.28571428571428,145,18.714285714285715,120.14285714285714,63.714285714285715,16.714285714285715,-0.07431984074319875,-0.1158536585365858,-0.38497652582159614,-0.30438378825475576,-0.37883008356545933,-0.3969072164948453
2020-07-05,MA,109974,781711,NA,636,11463,100,NA,46,NA,93157,A+,7/5/2020 10:00,2020-07-05T10:00:00Z,07/05 06:00,8183,11463,2020-07-05T10:00:00Z,1124217,NA,NA,104502,7968,215,NA,886213,NA,NA,NA,75636,NA,NA,NA,NA,NA,NA,25,136,5782,891685,891685,5918,891685,11,2,b457c5a93de1165ffc976c006625c62661a52c8e,0,0,0,0,0,NA,10,7946,111,186.71428571428572,137.57142857142858,17.571428571428573,115.28571428571429,58.714285714285715,15.428571428571429,-0.18617683686176856,-0.20149253731343297,-0.3910891089108913,-0.2976501305483027,-0.40261627906976705,-0.4098360655737704
2020-07-06,MA,110137,789280,NA,603,11469,99,NA,51,NA,93157,A+,7/6/2020 10:00,2020-07-06T10:00:00Z,07/06 06:00,8198,11469,2020-07-06T10:00:00Z,1134568,NA,NA,104659,7983,215,NA,893939,NA,NA,NA,75795,NA,NA,NA,NA,NA,NA,25,163,7569,899417,899417,7732,899417,15,6,47663792f078dabc81d9ef009fe2f3409bbf9bc0,0,0,0,0,0,NA,15,10351,157,195.57142857142858,147.28571428571428,14.714285714285714,109.71428571428571,54.714285714285715,12.571428571428571,-0.12130937098844696,-0.1104400345125105,-0.5339366515837104,-0.3062330623306233,-0.41969696969696924,-0.5621890547263682
2020-07-07,MA,110338,796422,NA,621,11489,104,NA,50,NA,93157,A+,7/7/2020 10:00,2020-07-07T10:00:00Z,07/07 06:00,8213,11489,2020-07-07T10:00:00Z,1144367,NA,NA,104799,7998,215,NA,901221,NA,NA,NA,76090,NA,NA,NA,NA,NA,NA,25,201,7142,906760,906760,7343,906760,15,20,aacb394e58a9f5048497486fa04b367bf30bf7da,0,0,0,0,0,NA,15,9799,140,208,156.85714285714286,22.714285714285715,107.42857142857143,52.857142857142854,17.714285714285715,0.009009009009008917,0.04571428571428582,-0.030487804878048697,-0.2810707456978969,-0.3944353518821605,-0.24390243902439002
2020-07-08,MA,110602,805393,NA,662,11517,102,NA,49,NA,94347,A+,7/8/2020 10:00,2020-07-08T10:00:00Z,07/08 06:00,8243,11517,2020-07-08T10:00:00Z,1157023,NA,NA,104961,8028,215,NA,910354,NA,NA,NA,77150,NA,NA,NA,NA,NA,NA,25,264,8971,915995,915995,9235,915995,30,28,4f8c011e30f83b0ebe6d089d385e2b989ed25f65,0,0,0,0,0,NA,30,12656,162,208.42857142857142,157.57142857142858,23.142857142857142,104.42857142857143,50.57142857142857,18,-0.04765013054830225,0.006386861313868453,0.1328671328671327,-0.26012145748987847,-0.38754325259515576,-0.16000000000000025
2020-07-09,MA,110897,814864,NA,635,11559,103,NA,42,NA,94347,A+,7/9/2020 16:00,2020-07-09T16:00:00Z,07/09 12:00,8268,11559,2020-07-09T16:00:00Z,1171180,NA,NA,105138,8053,215,NA,920002,NA,NA,NA,78417,NA,NA,NA,NA,NA,NA,25,295,9471,925761,925761,9766,925761,25,42,3568a5408e61b91f2d8aa05c5ff01b360fae2b62,0,0,0,0,0,NA,25,14157,177,222.71428571428572,160.28571428571428,19.428571428571427,103,49.142857142857146,19.285714285714285,0.03864090606262516,0.0255941499085921,-0.19526627218934922,-0.22222222222222188,-0.3497164461247635,-0.04929577464788726
2020-07-10,MA,111110,827506,NA,632,11582,98,NA,47,NA,94347,A+,7/10/2020 10:00,2020-07-10T10:00:00Z,07/10 06:00,8296,11582,2020-07-10T10:00:00Z,1187832,NA,NA,105290,8081,215,NA,932796,NA,NA,NA,79073,NA,NA,NA,NA,NA,NA,25,213,12642,938616,938616,12855,938616,28,23,b96220cb53b90c5cdbc230ec8ac2f66d46f9f217,0,0,0,0,0,NA,28,16652,152,211.71428571428572,151.71428571428572,21,101.85714285714286,48,20.857142857142858,-0.048780487804878314,-0.08210890233362156,0.08088235294117685,-0.18700114025085512,-0.3072164948453606,0.21666666666666679
2020-07-11,MA,111398,834936,NA,572,11600,87,NA,44,NA,94347,A+,7/11/2020 10:00,2020-07-11T10:00:00Z,07/11 06:00,8310,11600,2020-07-11T10:00:00Z,1199411,NA,NA,105457,8095,215,NA,940393,NA,NA,NA,80061,NA,NA,NA,NA,NA,NA,25,288,7430,946334,946334,7718,946334,14,18,53801c8261e750093ea04f06e3868f396719b15c,0,0,0,0,0,NA,14,11579,167,222.85714285714286,152.28571428571428,19.714285714285715,99,47,19.571428571428573,0.11827956989247346,0.050246305418718995,0.053435114503817216,-0.17598097502972665,-0.2623318385650225,0.170940170940171
2020-07-12,MA,111597,845883,NA,583,11608,93,NA,43,NA,94347,A+,7/12/2020 10:00,2020-07-12T10:00:00Z,07/12 06:00,8325,11608,2020-07-12T10:00:00Z,1213914,NA,NA,105629,8110,215,NA,951512,NA,NA,NA,80573,NA,NA,NA,NA,NA,NA,25,199,10947,957480,957480,11146,957480,15,8,d08512341ccc90cc5d23a3bb69cc5530802efa9e,0,0,0,0,0,NA,15,14503,172,231.85714285714286,161,20.285714285714285,98,46.57142857142857,20.285714285714285,0.24177505738332083,0.17030114226375925,0.15447154471544722,-0.14993804213135042,-0.20681265206812682,0.31481481481481466
2020-07-13,MA,111827,854316,NA,570,11611,89,NA,46,NA,94347,A+,7/13/2020 16:00,2020-07-13T16:00:00Z,07/13 12:00,8330,11611,2020-07-13T16:00:00Z,1225332,NA,NA,105783,8115,215,NA,960099,NA,NA,NA,80888,NA,NA,NA,NA,NA,NA,25,230,8433,966143,966143,8663,966143,5,3,1f46c59977a98c2b4d26fc4721d0629ea9281a48,0,0,0,0,0,NA,5,11418,154,241.42857142857142,160.57142857142858,18.857142857142858,96.57142857142857,45.857142857142854,18.857142857142858,0.23447772096420794,0.09020368574199766,0.2815533980582525,-0.11979166666666663,-0.1618798955613583,0.5000000000000004
2020-07-14,MA,112130,866084,NA,560,11625,93,NA,37,NA,94347,A+,7/14/2020 10:00,2020-07-14T10:00:00Z,07/14 06:00,8340,11625,2020-07-14T10:00:00Z,1241465,NA,NA,105986,8125,215,NA,972070,NA,NA,NA,81525,NA,NA,NA,NA,NA,NA,25,303,11768,978214,978214,12071,978214,10,14,3426aaafd9f35ef578b59f0299d05b48275312f5,0,0,0,0,0,NA,10,16133,203,256,169.57142857142858,18.142857142857142,95,44,18.142857142857142,0.23076923076923062,0.08105646630236829,-0.2012578616352202,-0.11569148936170226,-0.16756756756756763,0.02419354838709653
2020-07-15,MA,112347,876366,NA,580,11651,80,NA,40,NA,95390,A+,7/15/2020 10:00,2020-07-15T10:00:00Z,07/15 06:00,8368,11651,2020-07-15T10:00:00Z,1256303,NA,NA,106128,8152,216,NA,982494,NA,NA,NA,82409,NA,NA,NA,NA,NA,NA,25,217,10282,988713,988713,10499,988713,28,26,861cc75167b80af5ef714a5b2a3b7df9f8af6f41,0,0,0,0,0,NA,27,14838,142,249.28571428571428,166.71428571428572,17.857142857142858,91.85714285714286,42.714285714285715,17.714285714285715,0.19602467443454352,0.058023572076155494,-0.22839506172839474,-0.1203830369357044,-0.15536723163841826,-0.015873015873015595
2020-07-16,MA,112581,889103,NA,557,11663,77,NA,38,NA,95390,A+,7/16/2020 10:00,2020-07-16T10:00:00Z,07/16 06:00,8380,11663,2020-07-16T10:00:00Z,1274585,NA,NA,106271,8163,217,NA,995374,NA,NA,NA,83598,NA,NA,NA,NA,NA,NA,25,234,12737,1001684,1001684,12971,1001684,12,12,cae756b825ce0afcba1714228fd2295586a34055,0,0,0,0,0,NA,11,18282,143,240.57142857142858,161.85714285714286,16,88.14285714285714,42.142857142857146,15.714285714285714,0.08017960230917232,0.00980392156862786,-0.17647058823529405,-0.144244105409154,-0.1424418604651161,-0.18518518518518545
2020-07-17,MA,112879,901708,NA,515,11691,76,NA,34,NA,95390,A+,7/17/2020 10:00,2020-07-17T10:00:00Z,07/17 06:00,8402,11691,2020-07-17T10:00:00Z,1293162,NA,NA,106487,8184,218,NA,1008195,NA,NA,NA,84539,NA,NA,NA,NA,NA,NA,25,298,12605,1014587,1014587,12903,1014587,22,28,6966c4072b11e77d12413b751e4770b15dd2a4a2,0,0,0,0,0,NA,21,18577,216,252.71428571428572,171,15.142857142857142,85,40.285714285714285,14.714285714285714,0.19365721997300955,0.12711864406779716,-0.2789115646258503,-0.16549789621318345,-0.1607142857142858,-0.29452054794520566
2020-07-18,MA,113238,913595,NA,499,11709,86,NA,43,NA,95390,A+,7/18/2020 10:00,2020-07-18T10:00:00Z,07/18 06:00,8419,11709,2020-07-18T10:00:00Z,1309804,NA,NA,106664,8201,218,NA,1020259,NA,NA,NA,85623,NA,NA,NA,NA,NA,NA,25,359,11887,1026833,1026833,12246,1026833,17,18,9c7d7a6a22dd43a605e79efd2d20ab104c8ae3a1,0,0,0,0,0,NA,17,16642,177,262.85714285714283,172.42857142857142,15.571428571428571,84.85714285714286,40.142857142857146,15.142857142857142,0.17948717948717974,0.132270168855535,-0.21014492753623204,-0.14285714285714268,-0.14589665653495432,-0.22627737226277367
2020-07-19,MA,113534,927001,NA,498,11717,64,NA,41,NA,95390,A+,7/19/2020 10:00,2020-07-19T10:00:00Z,07/19 06:00,8431,11717,2020-07-19T10:00:00Z,1328399,NA,NA,106882,8213,218,NA,1033883,NA,NA,NA,86165,NA,NA,NA,NA,NA,NA,25,296,13406,1040535,1040535,13702,1040535,12,8,f4505e1cbf7ec1aeefc6d6614de1901eb226db4a,0,0,0,0,0,NA,12,18595,218,276.7142857142857,179,15.142857142857142,80.71428571428571,39.857142857142854,14.714285714285714,0.19346888478127,0.11180124223602461,-0.25352112676056326,-0.17638483965014595,-0.14417177914110424,-0.27464788732394374
2020-07-20,MA,113789,937492,NA,483,11722,67,NA,38,NA,95390,A+,7/20/2020 10:00,2020-07-20T10:00:00Z,07/20 06:00,8433,11722,2020-07-20T10:00:00Z,1342652,NA,NA,107056,8214,219,NA,1044548,NA,NA,NA,86433,NA,NA,NA,NA,NA,NA,25,255,10491,1051281,1051281,10746,1051281,2,5,f06f2c3a93046d961b88d33721af974217a3b488,0,0,0,0,0,NA,1,14253,174,280.2857142857143,181.85714285714286,14.714285714285714,77.57142857142857,38.714285714285715,14.142857142857142,0.1609467455621305,0.13256227758007189,-0.21969696969696972,-0.1967455621301779,-0.1557632398753892,-0.2499999999999999
2020-07-21,MA,114033,945148,NA,513,11746,63,NA,33,NA,95390,A+,7/21/2020 10:00,2020-07-21T10:00:00Z,07/21 06:00,8450,11746,2020-07-21T10:00:00Z,1353802,NA,NA,107221,8231,219,NA,1052369,NA,NA,NA,87006,NA,NA,NA,NA,NA,NA,25,244,7656,1059181,1059181,7900,1059181,17,24,d26337fc204fe4e527b7a7201a588e91d4819605,0,0,0,0,0,NA,17,11150,165,271.85714285714283,176.42857142857142,15.714285714285714,73.28571428571429,38.142857142857146,15.142857142857142,0.06194196428571486,0.04043807919123865,-0.13385826771653542,-0.22857142857142876,-0.13311688311688297,-0.16535433070866112
2020-07-22,MA,114320,955742,NA,532,11761,63,NA,37,NA,96452,A+,7/22/2020 10:00,2020-07-22T10:00:00Z,07/22 06:00,8468,11761,2020-07-22T10:00:00Z,1369551,NA,NA,107413,8249,219,NA,1063155,NA,NA,NA,87346,NA,NA,NA,NA,NA,NA,25,287,10594,1070062,1070062,10881,1070062,18,15,ae264fcf7226734ef6abcae571250983365d698d,0,0,0,0,0,NA,18,15749,192,281.85714285714283,183.57142857142858,14.285714285714286,70.85714285714286,37.714285714285715,13.857142857142858,0.13065902578796562,0.10111396743787537,-0.2000000000000003,-0.22861586314152427,-0.11705685618729078,-0.2177419354838711
2020-07-23,MA,114647,971605,NA,351,11770,59,NA,30,NA,96452,A+,7/22/2020 10:00,2020-07-22T10:00:00Z,07/22 06:00,8484,11770,2020-07-22T10:00:00Z,1391221,NA,NA,107683,8265,219,NA,1079288,NA,NA,NA,88712,NA,NA,NA,NA,NA,NA,25,327,15863,1086252,1086252,16190,1086252,16,9,793657beff356417f14d02ea0148ab5ab8ee9183,0,0,0,0,0,NA,16,21670,270,295.14285714285717,201.71428571428572,14.857142857142858,68.28571428571429,36.57142857142857,14.571428571428571,0.22684085510688856,0.24624889673433326,-0.07142857142857129,-0.2252836304700161,-0.1322033898305086,-0.07272727272727264
2020-07-24,MA,114985,984495,NA,397,11785,49,NA,29,NA,96452,A+,7/23/2020 10:00,2020-07-23T10:00:00Z,07/23 06:00,8498,11785,2020-07-23T10:00:00Z,1410099,NA,NA,107897,8297,219,NA,1092392,NA,NA,NA,89569,NA,NA,NA,NA,NA,NA,25,338,12890,1099480,1099480,13228,1099480,14,15,ce0b9dc482745181458cd8a326ee7640575a1474,0,0,0,0,0,NA,32,18878,214,300.85714285714283,201.42857142857142,13.714285714285714,64.42857142857143,35.857142857142854,16.142857142857142,0.19050310910118728,0.1779448621553883,-0.0943396226415093,-0.2420168067226891,-0.10992907801418461,0.09708737864077688
2020-07-25,MA,115268,995615,NA,371,11813,50,NA,27,NA,96452,A+,7/25/2020 10:00,2020-07-25T10:00:00Z,07/25 06:00,8510,11813,2020-07-25T10:00:00Z,1425973,NA,NA,108107,8291,219,NA,1103722,NA,NA,NA,91756,NA,NA,NA,NA,NA,NA,25,283,11120,1110883,1110883,11403,1110883,12,28,15b4a95a62edb1f0e946c16b28d73b5480fe77c1,0,0,0,0,0,NA,-6,15874,210,290,206.14285714285714,13,59.285714285714285,33.57142857142857,12.857142857142858,0.10326086956521685,0.19552609776304908,-0.1651376146788991,-0.30134680134680125,-0.1637010676156585,-0.15094339622641495
2020-07-26,MA,115637,1005122,NA,364,11828,56,NA,30,NA,96452,A+,7/26/2020 10:00,2020-07-26T10:00:00Z,07/26 06:00,8529,11828,2020-07-26T10:00:00Z,1440717,NA,NA,108380,8310,219,NA,1113502,NA,NA,NA,92459,NA,NA,NA,NA,NA,NA,25,369,9507,1120759,1120759,9876,1120759,19,15,c6dee5083687fc59592065639538236005da9b1a,0,0,0,0,0,NA,19,14744,273,300.42857142857144,214,14,58.142857142857146,32,13.857142857142858,0.08569953536396469,0.19553072625698298,-0.07547169811320775,-0.279646017699115,-0.19713261648745528,-0.058252427184466105
2020-07-27,MA,115926,1015231,NA,350,11833,57,NA,28,NA,96452,A+,7/27/2020 10:00,2020-07-27T10:00:00Z,07/27 06:00,8536,11833,2020-07-27T10:00:00Z,1454584,NA,NA,108562,8317,219,NA,1123793,NA,NA,NA,92664,NA,NA,NA,NA,NA,NA,25,289,10109,1131157,1131157,10398,1131157,7,5,a1c85e0edbd020079259c22651f776ded13baa9e,0,0,0,0,0,NA,7,13867,182,305.2857142857143,215.14285714285714,14.714285714285714,56.714285714285715,30.571428571428573,14.714285714285714,0.08919469928644208,0.1830322073841315,0,-0.2688766114180474,-0.21033210332103325,0.04040404040404022
2020-07-28,MA,116182,1024934,NA,364,11855,54,NA,27,NA,96452,A+,7/28/2020 10:00,2020-07-28T10:00:00Z,07/28 06:00,8551,11855,2020-07-28T10:00:00Z,1468395,NA,NA,108740,8331,220,NA,1133674,NA,NA,NA,93124,NA,NA,NA,NA,NA,NA,25,256,9703,1141116,1141116,9959,1141116,15,22,d70668c6774aa24592081e38a1c5a2569007e3cc,0,0,0,0,0,NA,14,13811,178,307,217,14.428571428571429,55.42857142857143,29.714285714285715,14.285714285714286,0.12926957435627884,0.22995951417004035,-0.08181818181818157,-0.24366471734892758,-0.22097378277153534,-0.05660377358490587
2020-07-29,MA,116684,1040134,NA,390,11876,62,NA,23,NA,97595,A+,7/29/2020 10:00,2020-07-29T10:00:00Z,07/29 06:00,8580,11876,2020-07-29T10:00:00Z,1489896,NA,NA,109096,8360,220,NA,1149230,NA,NA,NA,94348,NA,NA,NA,NA,NA,NA,25,502,15200,1156818,1156818,15702,1156818,29,21,18cb43fa5e4a270d3108a3a5fd843d964b2f09cd,0,0,0,0,0,NA,29,21501,356,337.7142857142857,240.42857142857142,16,55.285714285714285,27.714285714285715,15.857142857142858,0.1981753674607203,0.3097276264591433,0.1200000000000001,-0.21975806451612923,-0.26515151515151525,0.14432989690721665
2020-07-30,MA,117098,1052054,NA,367,11893,55,NA,29,NA,97595,A+,7/30/2020 10:00,2020-07-30T10:00:00Z,07/30 06:00,8595,11893,2020-07-30T10:00:00Z,1507320,NA,NA,109400,8375,220,NA,1161454,NA,NA,NA,95217,NA,NA,NA,NA,NA,NA,25,414,11920,1169152,1169152,12334,1169152,15,17,d264330cddbc3e62c8dae877ec2c1b9951f6f4ff,0,0,0,0,0,NA,15,17424,304,350.14285714285717,245.28571428571428,15.857142857142858,54.714285714285715,27.571428571428573,15.714285714285714,0.18635043562439546,0.2160056657223801,0.06730769230769229,-0.19874476987447687,-0.2460937500000001,0.07843137254901955
2020-07-31,MA,117612,1070818,NA,347,11908,58,NA,28,NA,97595,A+,7/31/2020 10:00,2020-07-31T10:00:00Z,07/31 06:00,8609,11908,2020-07-31T10:00:00Z,1535835,NA,NA,109787,8389,220,NA,1180605,NA,NA,NA,96180,NA,NA,NA,NA,NA,NA,25,514,18764,1188430,1188430,19278,1188430,14,15,a0f7498aeee78307f56b4f3b296a5b615f15a59a,0,0,0,0,0,NA,14,28515,387,375.2857142857143,270,15.857142857142858,56,27.428571428571427,13.142857142857142,0.24738841405508127,0.34042553191489366,0.15625,-0.13082039911308174,-0.2350597609561753,-0.18584070796460184
2020-08-01,MA,118040,1083123,NA,369,11930,53,NA,26,NA,97595,A+,7/31/2020 10:00,2020-07-31T10:00:00Z,07/31 06:00,8626,11930,2020-07-31T10:00:00Z,1553550,NA,NA,110077,8406,220,NA,1193200,NA,NA,NA,96964,NA,NA,NA,NA,NA,NA,25,428,12305,1201163,1201163,12733,1201163,17,22,a394b3624a2c925195f28ea5d84e1723e4e6f607,0,0,0,0,0,NA,17,17715,290,396,281.42857142857144,16.571428571428573,56.42857142857143,27.285714285714285,16.428571428571427,0.36551724137931063,0.3652113652113651,0.27472527472527486,-0.048192771084337616,-0.18723404255319143,0.27777777777777746
2020-08-02,MA,118458,1096082,NA,406,11936,68,NA,33,NA,97595,A+,8/2/2020 10:00,2020-08-02T10:00:00Z,08/02 06:00,8638,11936,2020-08-02T10:00:00Z,1573852,NA,NA,110430,8417,221,NA,1206512,NA,NA,NA,97293,NA,NA,NA,NA,NA,NA,25,418,12959,1214540,1214540,13377,1214540,12,6,da32ba559d47be7df2b9620cdaa4a0d5d953ef6a,0,0,0,0,0,NA,11,20302,353,403,292.85714285714283,15.571428571428571,58.142857142857146,27.714285714285715,15.285714285714286,0.34141702330004686,0.36849132176235067,0.11224489795918391,0,-0.1339285714285715,0.10309278350515472
2020-08-03,MA,118657,1108195,NA,375,11942,64,NA,24,NA,97595,A+,8/3/2020 10:00,2020-08-03T10:00:00Z,08/03 06:00,8648,11942,2020-08-03T10:00:00Z,1589682,NA,NA,110595,8427,221,NA,1218790,NA,NA,NA,97515,NA,NA,NA,NA,NA,NA,25,199,12113,1226852,1226852,12312,1226852,10,6,76fe44fc00a73d35e6dcc828dea9aa0f285b33f7,0,0,0,0,0,NA,10,15830,165,390.14285714285717,290.42857142857144,16,59.142857142857146,27.142857142857142,15.714285714285714,0.2779597566682268,0.34993359893758336,0.08737864077669899,0.04282115869017589,-0.1121495327102805,0.06796116504854344
2020-08-04,MA,119203,1123073,NA,354,11973,56,NA,29,NA,97595,A+,8/4/2020 10:00,2020-08-04T10:00:00Z,08/04 06:00,8657,11973,2020-08-04T10:00:00Z,1611827,NA,NA,111033,8436,221,NA,1234106,NA,NA,NA,98298,NA,NA,NA,NA,NA,NA,25,546,14878,1242276,1242276,15424,1242276,9,31,3a8dda8bf68e34098a4516b752d1ccae67cc320f,0,0,0,0,0,NA,9,22145,438,431.57142857142856,327.57142857142856,15.142857142857142,59.42857142857143,27.428571428571427,15,0.4057701256398325,0.5095457537853845,0.04950495049504955,0.07216494845360799,-0.07692307692307732,0.050000000000000266
2020-08-05,MA,119643,1139951,NA,396,11993,57,NA,21,NA,99021,A+,8/4/2020 10:00,2020-08-04T10:00:00Z,08/04 06:00,8659,11993,2020-08-04T10:00:00Z,1636875,NA,NA,111371,8438,221,NA,1251322,NA,NA,NA,99170,NA,NA,NA,NA,NA,NA,25,440,16878,1259594,1259594,17318,1259594,2,20,dae72ea888372edeedd1f859d797840be4e40fbb,0,0,0,0,0,NA,2,25048,338,422.7142857142857,325,11.285714285714286,58.714285714285715,27.142857142857142,11.142857142857142,0.2516920473773261,0.35175282234105776,-0.2946428571428572,0.062015503875969324,-0.020618556701030966,-0.2972972972972975
2020-08-06,MA,119874,1151344,NA,403,12007,73,NA,32,NA,99021,A+,8/6/2020 10:00,2020-08-06T10:00:00Z,08/06 06:00,8691,12007,2020-08-06T10:00:00Z,1653792,NA,NA,111533,8470,221,NA,1262877,NA,NA,NA,99768,NA,NA,NA,NA,NA,NA,25,231,11393,1271218,1271218,11624,1271218,32,14,835c2612ec7f998b8315eafc108ad83c1186a78a,0,0,0,0,0,NA,32,16917,162,396.57142857142856,304.7142857142857,13.714285714285714,61.285714285714285,27.571428571428573,13.571428571428571,0.1325989392084861,0.24228305183459486,-0.1351351351351351,0.12010443864229692,0,-0.13636363636363635
2020-08-07,MA,120291,1165764,NA,390,12022,69,NA,30,NA,99021,A+,8/7/2020 10:00,2020-08-07T10:00:00Z,08/07 06:00,8709,12022,2020-08-07T10:00:00Z,1676170,NA,NA,111853,8488,221,NA,1277617,NA,NA,NA,100383,NA,NA,NA,NA,NA,NA,25,417,14420,1286055,1286055,14837,1286055,18,15,514e8afb78ba1fc1f5247ba9347f1c88aa599b02,0,0,0,0,0,NA,18,22378,320,382.7142857142857,295.14285714285717,14.285714285714286,62.857142857142854,27.857142857142858,14.142857142857142,0.019794442329653217,0.09312169312169272,-0.09909909909909931,0.12244897959183665,0.015625,0.07608695652173925
2020-08-08,MA,120711,1182033,NA,386,12044,68,NA,30,NA,99021,A+,8/8/2020 10:00,2020-08-08T10:00:00Z,08/08 06:00,8721,12044,2020-08-08T10:00:00Z,1699442,NA,NA,112173,8500,221,NA,1294206,NA,NA,NA,101139,NA,NA,NA,NA,NA,NA,25,420,16269,1302744,1302744,16689,1302744,12,22,94cae7c60799917f92d5eca3f6c2386650d64aa7,0,0,0,0,0,NA,12,23272,320,381.57142857142856,299.42857142857144,13.571428571428571,65,28.428571428571427,13.428571428571429,-0.03643578643578638,0.06395939086294389,-0.181034482758621,0.1518987341772149,0.04188481675392697,-0.18260869565217375
2020-08-09,MA,121040,1198899,NA,375,12054,60,NA,26,NA,99021,A+,8/9/2020 10:00,2020-08-09T10:00:00Z,08/09 06:00,8735,12054,2020-08-09T10:00:00Z,1723320,NA,NA,112459,8514,221,NA,1311358,NA,NA,NA,101485,NA,NA,NA,NA,NA,NA,25,329,16866,1319939,1319939,17195,1319939,14,10,1c448a8251af4ce6a6bec8930f652b098025b139,0,0,0,0,0,NA,14,23878,286,368.85714285714283,289.85714285714283,13.857142857142858,63.857142857142854,27.428571428571427,13.857142857142858,-0.08472172988301985,-0.010243902439024843,-0.11009174311926628,0.0982800982800982,-0.01030927835051565,-0.09345794392523366
2020-08-10,MA,121315,1209961,NA,380,12062,60,NA,25,NA,99021,A+,8/10/2020 10:00,2020-08-10T10:00:00Z,08/10 06:00,8741,12062,2020-08-10T10:00:00Z,1739378,NA,NA,112673,8519,222,NA,1322634,NA,NA,NA,101714,NA,NA,NA,NA,NA,NA,25,275,11062,1331276,1331276,11337,1331276,6,8,cfa0095fc3e6016abfb2c06ed0c03a81c199d1c8,0,0,0,0,0,NA,5,16058,214,379.7142857142857,296.85714285714283,13.285714285714286,63.285714285714285,27.571428571428573,13.142857142857142,-0.026730135481508488,0.02213477619281834,-0.16964285714285687,0.07004830917874427,0.015789473684210575,-0.16363636363636347
2020-08-11,MA,121707,1224637,NA,387,12089,70,NA,33,NA,99021,A+,8/11/2020 10:00,2020-08-11T10:00:00Z,08/11 06:00,8751,12089,2020-08-11T10:00:00Z,1759976,NA,NA,112969,8529,222,NA,1337606,NA,NA,NA,102208,NA,NA,NA,NA,NA,NA,25,392,14676,1346344,1346344,15068,1346344,10,27,15599dbeb0de74976e80f7353aad5a9d3e14c3c3,0,0,0,0,0,NA,10,20598,296,357.7142857142857,276.57142857142856,13.428571428571429,65.28571428571429,28.142857142857142,13.285714285714286,-0.17113538563389585,-0.15569123419101627,-0.11320754716981118,0.09855769230769273,0.02604166666666674,-0.1142857142857141
2020-08-12,MA,122000,1240101,NA,422,12109,64,NA,33,NA,100486,A+,8/12/2020 10:00,2020-08-12T10:00:00Z,08/12 06:00,8769,12109,2020-08-12T10:00:00Z,1781548,NA,NA,113198,8547,222,NA,1353299,NA,NA,NA,102782,NA,NA,62738,NA,NA,NA,25,293,15464,1362101,1362101,15757,1362101,18,20,7f6598539e43c0172fbf629555aeef89d1b2b0ca,0,0,0,0,0,NA,18,21572,229,336.7142857142857,261,15.714285714285714,66.28571428571429,29.857142857142858,15.571428571428571,-0.20344711051030728,-0.19692307692307653,0.3924050632911391,0.12895377128953722,0.10000000000000031,0.3974358974358978
2020-08-13,MA,122319,1267661,NA,401,12131,61,NA,26,NA,100486,A+,8/13/2020 10:00,2020-08-13T10:00:00Z,08/13 06:00,8790,12131,2020-08-13T10:00:00Z,1821031,NA,NA,113517,8568,222,NA,1381178,NA,NA,NA,103573,NA,NA,63165,NA,NA,NA,25,319,27560,1389980,1389980,27879,1389980,21,22,45d7d6421ae0c0f9a058514422af3ad36ec72698,0,0,0,0,0,NA,21,39483,319,349.2857142857143,283.42857142857144,14.142857142857142,64.57142857142857,29,14,-0.11923631123919298,-0.06985466479137314,0.03125,0.05361305361305413,0.05181347150259086,0.03157894736842115
2020-08-14,MA,122531,1289001,NA,398,12150,58,NA,31,NA,100486,A+,8/14/2020 10:00,2020-08-14T10:00:00Z,08/14 06:00,8804,12150,2020-08-14T10:00:00Z,1853032,NA,NA,113729,8582,222,NA,1402730,NA,NA,NA,104191,NA,NA,64773,NA,NA,NA,25,212,21340,1411532,1411532,21552,1411532,14,19,c1e2619149ce8ed6262b5eabad5f7037a4a5386a,0,0,0,0,0,NA,14,32001,212,320,268,13.571428571428571,63,29.142857142857142,13.428571428571429,-0.16386711459499814,-0.09196515004840278,-0.050000000000000044,0.00227272727272676,0.04615384615384621,-0.050505050505050386
2020-08-15,MA,122897,1311604,NA,375,12170,65,NA,27,NA,100486,A+,8/15/2020 10:00,2020-08-15T10:00:00Z,08/15 06:00,8818,12170,2020-08-15T10:00:00Z,1886299,NA,NA,114095,8596,222,NA,1425699,NA,NA,NA,104872,NA,NA,66513,NA,NA,NA,25,366,22603,1434501,1434501,22969,1434501,14,20,1ddb73145dff59cb5af2e35bfd00057a28195ccc,0,0,0,0,0,NA,14,33267,366,312.2857142857143,274.57142857142856,13.857142857142858,62.57142857142857,28.714285714285715,13.714285714285714,-0.18157993260950944,-0.0830152671755724,0.021052631578947434,-0.03736263736263701,0.010050251256281006,0.02127659574468077
2020-08-16,MA,123200,1326768,NA,372,12173,65,NA,28,NA,100486,A+,8/16/2020 10:00,2020-08-16T10:00:00Z,08/16 06:00,8829,12173,2020-08-16T10:00:00Z,1908475,NA,NA,114398,8607,222,NA,1441166,NA,NA,NA,105287,NA,NA,68697,NA,NA,NA,25,303,15164,1449968,1449968,15467,1449968,11,3,2787296cadd5c349f541fb017db81683f484e362,0,0,0,0,0,NA,11,22176,303,308.57142857142856,277,13.428571428571429,63.285714285714285,29,13.285714285714286,-0.16343919442292754,-0.0443568260226711,-0.03092783505154606,-0.008948545861297896,0.05729166666666696,-0.04123711340206149
2020-08-17,MA,123413,1341501,NA,367,12178,59,NA,22,NA,100486,A+,8/17/2020 10:00,2020-08-17T10:00:00Z,08/17 06:00,8833,12178,2020-08-17T10:00:00Z,1929891,NA,NA,114611,8611,222,NA,1456112,NA,NA,NA,105540,NA,NA,69018,NA,NA,NA,25,213,14733,1464914,1464914,14946,1464914,4,5,eb42437606f6b078e856a0851643a55b682a1ebf,0,0,0,0,0,NA,4,21416,213,299.7142857142857,276.85714285714283,13.142857142857142,63.142857142857146,28.571428571428573,13.142857142857142,-0.2106847253574119,-0.0673724735322423,-0.010752688172043223,-0.0022573363431145355,0.0362694300518136,0
